Catchment,Constituent,Units,KPHD_Station,Location_ID,Date,DateTime,Value
Barker Creek,E. coli,MPN/100mL,BK01,KCHD-BK01,2013-10-15,2013-10-15 11:14:00,10.0
Barker Creek,E. coli,MPN/100mL,BK01,KCHD-BK01,2013-11-14,2013-11-14 10:40:00,10.0
Barker Creek,E. coli,MPN/100mL,BK01,KCHD-BK01,2013-12-18,2013-12-18 11:35:00,10.0
Barker Creek,E. coli,MPN/100mL,BK01,KCHD-BK01,2014-01-10,2014-01-10 10:24:00,20.0
Barker Creek,E. coli,MPN/100mL,BK01,KCHD-BK01,2014-02-10,2014-02-10 11:10:00,380.0
Barker Creek,E. coli,MPN/100mL,BK01,KCHD-BK01,2014-03-12,2014-03-12 11:17:00,20.0
Barker Creek,E. coli,MPN/100mL,BK01,KCHD-BK01,2014-04-22,2014-04-22 10:52:00,330.0
Barker Creek,E. coli,MPN/100mL,BK01,KCHD-BK01,2014-05-22,2014-05-22 11:20:00,70.0
Barker Creek,E. coli,MPN/100mL,BK01,KCHD-BK01,2014-06-04,2014-06-04 11:20:00,100.0
Barker Creek,E. coli,MPN/100mL,BK01,KCHD-BK01,2014-07-10,2014-07-10 11:35:00,70.0
Barker Creek,E. coli,MPN/100mL,BK01,KCHD-BK01,2014-08-06,2014-08-06 11:10:00,40.0
Barker Creek,E. coli,MPN/100mL,BK01,KCHD-BK01,2014-09-10,2014-09-10 11:37:00,110.0
Barker Creek,E. coli,MPN/100mL,BK01,KCHD-BK01,2014-10-08,2014-10-08 11:05:00,100.0
Barker Creek,E. coli,MPN/100mL,BK01,KCHD-BK01,2014-11-05,2014-11-05 10:31:00,40.0
Barker Creek,E. coli,MPN/100mL,BK01,KCHD-BK01,2014-12-02,2014-12-02 10:55:00,10.0
Barker Creek,E. coli,MPN/100mL,BK01,KCHD-BK01,2015-01-07,2015-01-07 11:13:00,60.0
Barker Creek,E. coli,MPN/100mL,BK01,KCHD-BK01,2015-02-17,2015-02-17 12:10:00,10.0
Barker Creek,E. coli,MPN/100mL,BK01,KCHD-BK01,2015-03-18,2015-03-18 11:50:00,160.0
Barker Creek,E. coli,MPN/100mL,BK01,KCHD-BK01,2015-04-14,2015-04-14 11:59:00,70.0
Barker Creek,E. coli,MPN/100mL,BK01,KCHD-BK01,2015-05-12,2015-05-12 11:58:00,500.0
Barker Creek,E. coli,MPN/100mL,BK01,KCHD-BK01,2015-06-22,2015-06-22 11:37:00,190.0
Barker Creek,E. coli,MPN/100mL,BK01,KCHD-BK01,2015-07-13,2015-07-13 12:30:00,280.0
Barker Creek,E. coli,MPN/100mL,BK01,KCHD-BK01,2015-08-18,2015-08-18 11:50:00,130.0
Barker Creek,E. coli,MPN/100mL,BK01,KCHD-BK01,2015-09-16,2015-09-16 09:49:00,60.0
Barker Creek,E. coli,MPN/100mL,BK01,KCHD-BK01,2015-10-27,2015-10-27 10:23:00,50.0
Barker Creek,E. coli,MPN/100mL,BK01,KCHD-BK01,2015-11-10,2015-11-10 10:25:00,20.0
Barker Creek,E. coli,MPN/100mL,BK01,KCHD-BK01,2015-12-21,2015-12-21 10:08:00,310.0
Barker Creek,E. coli,MPN/100mL,BK01,KCHD-BK01,2016-01-13,2016-01-13 10:54:00,290.0
Barker Creek,E. coli,MPN/100mL,BK01,KCHD-BK01,2016-02-10,2016-02-10 11:30:00,10.0
Barker Creek,E. coli,MPN/100mL,BK01,KCHD-BK01,2016-03-09,2016-03-09 10:50:00,110.0
Barker Creek,E. coli,MPN/100mL,BK01,KCHD-BK01,2016-04-12,2016-04-12 11:07:00,70.0
Barker Creek,E. coli,MPN/100mL,BK01,KCHD-BK01,2016-05-17,2016-05-17 11:19:00,110.0
Barker Creek,E. coli,MPN/100mL,BK01,KCHD-BK01,2016-06-15,2016-06-15 12:23:00,50.0
Barker Creek,E. coli,MPN/100mL,BK01,KCHD-BK01,2016-07-13,2016-07-13 11:53:00,240.0
Barker Creek,E. coli,MPN/100mL,BK01,KCHD-BK01,2016-08-16,2016-08-16 10:33:00,80.0
Barker Creek,E. coli,MPN/100mL,BK01,KCHD-BK01,2016-09-13,2016-09-13 11:00:00,60.0
Barker Creek,E. coli,MPN/100mL,BK01,KCHD-BK01,2016-10-11,2016-10-11 11:30:00,60.0
Barker Creek,E. coli,MPN/100mL,BK01,KCHD-BK01,2016-11-22,2016-11-22 08:04:00,150.0
Barker Creek,E. coli,MPN/100mL,BK01,KCHD-BK01,2016-12-12,2016-12-12 11:48:00,20.0
Barker Creek,E. coli,MPN/100mL,BK01,KCHD-BK01,2017-01-13,2017-01-13 10:21:00,40.0
Barker Creek,E. coli,MPN/100mL,BK01,KCHD-BK01,2017-02-01,2017-02-01 10:03:00,50.0
Barker Creek,E. coli,MPN/100mL,BK01,KCHD-BK01,2017-03-10,2017-03-10 11:10:00,110.0
Barker Creek,E. coli,MPN/100mL,BK01,KCHD-BK01,2017-04-13,2017-04-13 11:10:00,60.0
Barker Creek,E. coli,MPN/100mL,BK01,KCHD-BK01,2017-05-09,2017-05-09 09:44:00,170.0
Barker Creek,E. coli,MPN/100mL,BK01,KCHD-BK01,2017-06-08,2017-06-08 11:05:00,340.0
Barker Creek,E. coli,MPN/100mL,BK01,KCHD-BK01,2017-07-10,2017-07-10 10:22:00,150.0
Barker Creek,E. coli,MPN/100mL,BK01,KCHD-BK01,2017-08-02,2017-08-02 11:10:00,80.0
Barker Creek,E. coli,MPN/100mL,BK01,KCHD-BK01,2017-09-06,2017-09-06 11:40:00,160.0
Barker Creek,E. coli,MPN/100mL,BK01,KCHD-BK01,2017-10-03,2017-10-03 10:43:00,20.0
Barker Creek,E. coli,MPN/100mL,BK01,KCHD-BK01,2017-11-01,2017-11-01 10:20:00,40.0
Barker Creek,E. coli,MPN/100mL,BK01,KCHD-BK01,2017-12-12,2017-12-12 08:52:00,10.0
Barker Creek,E. coli,MPN/100mL,BK01,KCHD-BK01,2018-01-03,2018-01-03 10:59:00,10.0
Barker Creek,E. coli,MPN/100mL,BK01,KCHD-BK01,2018-02-01,2018-02-01 10:25:00,10.0
Barker Creek,E. coli,MPN/100mL,BK01,KCHD-BK01,2018-03-01,2018-03-01 11:08:00,100.0
Barker Creek,E. coli,MPN/100mL,BK01,KCHD-BK01,2018-04-03,2018-04-03 11:04:00,50.0
Barker Creek,E. coli,MPN/100mL,BK01,KCHD-BK01,2018-05-02,2018-05-02 11:05:00,30.0
Barker Creek,E. coli,MPN/100mL,BK01,KCHD-BK01,2018-06-12,2018-06-12 10:22:00,130.0
Barker Creek,E. coli,MPN/100mL,BK01,KCHD-BK01,2018-07-03,2018-07-03 12:25:00,40.0
Barker Creek,E. coli,MPN/100mL,BK01,KCHD-BK01,2018-08-07,2018-08-07 11:45:00,100.0
Barker Creek,E. coli,MPN/100mL,BK01,KCHD-BK01,2018-09-05,2018-09-05 11:01:00,20.0
Barker Creek,E. coli,MPN/100mL,BK01,KCHD-BK01,2018-10-02,2018-10-02 10:36:00,20.0
Barker Creek,E. coli,MPN/100mL,BK01,KCHD-BK01,2018-10-02,2018-10-02 10:36:00,10.0
Barker Creek,E. coli,MPN/100mL,BK01,KCHD-BK01,2018-11-06,2018-11-06 10:25:00,10.0
Barker Creek,E. coli,MPN/100mL,BK01,KCHD-BK01,2018-11-06,2018-11-06 10:25:00,30.0
Barker Creek,E. coli,MPN/100mL,BK01,KCHD-BK01,2018-12-03,2018-12-03 10:25:00,20.0
Barker Creek,E. coli,MPN/100mL,BK01,KCHD-BK01,2018-12-03,2018-12-03 10:25:00,30.0
Barker Creek,E. coli,MPN/100mL,BK01,KCHD-BK01,2019-01-10,2019-01-10 11:30:00,40.0
Barker Creek,E. coli,MPN/100mL,BK01,KCHD-BK01,2019-01-10,2019-01-10 11:30:00,50.0
Barker Creek,E. coli,MPN/100mL,BK01,KCHD-BK01,2019-02-22,2019-02-22 11:01:00,10.0
Barker Creek,E. coli,MPN/100mL,BK01,KCHD-BK01,2019-02-22,2019-02-22 11:01:00,10.0
Barker Creek,E. coli,MPN/100mL,BK01,KCHD-BK01,2019-03-20,2019-03-20 11:53:00,20.0
Barker Creek,E. coli,MPN/100mL,BK01,KCHD-BK01,2019-03-20,2019-03-20 11:53:00,10.0
Barker Creek,E. coli,MPN/100mL,BK01,KCHD-BK01,2019-04-03,2019-04-03 11:24:00,20.0
Barker Creek,E. coli,MPN/100mL,BK01,KCHD-BK01,2019-04-03,2019-04-03 11:24:00,20.0
Barker Creek,E. coli,MPN/100mL,BK01,KCHD-BK01,2019-05-02,2019-05-02 11:55:00,10.0
Barker Creek,E. coli,MPN/100mL,BK01,KCHD-BK01,2019-05-02,2019-05-02 11:55:00,10.0
Barker Creek,E. coli,MPN/100mL,BK01,KCHD-BK01,2019-06-04,2019-06-04 11:05:00,50.0
Barker Creek,E. coli,MPN/100mL,BK01,KCHD-BK01,2019-06-04,2019-06-04 11:05:00,190.0
Barker Creek,E. coli,MPN/100mL,BK01,KCHD-BK01,2019-07-02,2019-07-02 10:42:00,30.0
Barker Creek,E. coli,MPN/100mL,BK01,KCHD-BK01,2019-07-02,2019-07-02 10:42:00,80.0
Barker Creek,E. coli,MPN/100mL,BK01,KCHD-BK01,2019-08-13,2019-08-13 10:55:00,160.0
Barker Creek,E. coli,MPN/100mL,BK01,KCHD-BK01,2019-08-13,2019-08-13 10:55:00,60.0
Barker Creek,E. coli,MPN/100mL,BK01,KCHD-BK01,2019-09-05,2019-09-05 09:01:00,190.0
Barker Creek,E. coli,MPN/100mL,BK01,KCHD-BK01,2020-10-28,2020-10-28 09:55:00,16.8
Barker Creek,E. coli,MPN/100mL,BK01,KCHD-BK01,2020-10-28,2020-10-28 09:55:00,6.3
Barker Creek,E. coli,MPN/100mL,BK01,KCHD-BK01,2020-11-30,2020-11-30 10:15:00,118.7
Barker Creek,E. coli,MPN/100mL,BK01,KCHD-BK01,2020-11-30,2020-11-30 10:15:00,98.7
Barker Creek,E. coli,MPN/100mL,BK01,KCHD-BK01,2020-12-15,2020-12-15 10:24:00,60.2
Barker Creek,E. coli,MPN/100mL,BK01,KCHD-BK01,2020-12-15,2020-12-15 10:24:00,53.7
Barker Creek,E. coli,MPN/100mL,BK01,KCHD-BK01,2021-01-14,2021-01-14 11:01:00,19.9
Barker Creek,E. coli,MPN/100mL,BK01,KCHD-BK01,2021-01-14,2021-01-14 11:01:00,22.8
Barker Creek,E. coli,MPN/100mL,BK01,KCHD-BK01,2021-02-10,2021-02-10 11:23:00,11.0
Barker Creek,E. coli,MPN/100mL,BK01,KCHD-BK01,2021-02-10,2021-02-10 11:23:00,7.5
Barker Creek,E. coli,MPN/100mL,BK01,KCHD-BK01,2021-03-11,2021-03-11 10:00:00,16.9
Barker Creek,E. coli,MPN/100mL,BK01,KCHD-BK01,2021-03-11,2021-03-11 10:00:00,7.4
Barker Creek,E. coli,MPN/100mL,BK01,KCHD-BK01,2021-04-14,2021-04-14 10:34:00,45.0
Barker Creek,E. coli,MPN/100mL,BK01,KCHD-BK01,2021-04-14,2021-04-14 10:34:00,21.1
Barker Creek,E. coli,MPN/100mL,BK01,KCHD-BK01,2021-05-18,2021-05-18 11:28:00,228.2
Barker Creek,E. coli,MPN/100mL,BK01,KCHD-BK01,2021-05-18,2021-05-18 11:28:00,206.4
Barker Creek,E. coli,MPN/100mL,BK01,KCHD-BK01,2021-06-16,2021-06-16 10:54:00,93.3
Barker Creek,E. coli,MPN/100mL,BK01,KCHD-BK01,2021-06-16,2021-06-16 10:54:00,95.9
Barker Creek,E. coli,MPN/100mL,BK01,KCHD-BK01,2021-07-27,2021-07-27 10:35:00,90.8
Barker Creek,E. coli,MPN/100mL,BK01,KCHD-BK01,2021-07-27,2021-07-27 10:35:00,101.7
Barker Creek,E. coli,MPN/100mL,BK01,KCHD-BK01,2021-08-18,2021-08-18 09:00:00,81.3
Barker Creek,E. coli,MPN/100mL,BK01,KCHD-BK01,2021-08-18,2021-08-18 09:00:00,71.2
Barker Creek,E. coli,MPN/100mL,BK01,KCHD-BK01,2021-09-16,2021-09-16 09:40:00,111.2
Barker Creek,E. coli,MPN/100mL,BK01,KCHD-BK01,2021-09-16,2021-09-16 09:40:00,98.5
Barker Creek,E. coli,MPN/100mL,BK01,KCHD-BK01,2021-10-21,2021-10-21 10:55:00,117.8
Barker Creek,E. coli,MPN/100mL,BK01,KCHD-BK01,2021-10-21,2021-10-21 10:55:00,105.0
Barker Creek,E. coli,MPN/100mL,BK01,KCHD-BK01,2021-11-16,2021-11-16 10:43:00,46.4
Barker Creek,E. coli,MPN/100mL,BK01,KCHD-BK01,2021-11-16,2021-11-16 10:43:00,101.4
Barker Creek,E. coli,MPN/100mL,BK01,KCHD-BK01,2021-12-14,2021-12-14 09:56:00,38.4
Barker Creek,E. coli,MPN/100mL,BK01,KCHD-BK01,2021-12-14,2021-12-14 09:56:00,55.6
Barker Creek,E. coli,MPN/100mL,BK01,KCHD-BK01,2022-01-20,2022-01-20 12:24:00,30.9
Barker Creek,E. coli,MPN/100mL,BK01,KCHD-BK01,2022-01-20,2022-01-20 12:24:00,36.8
Barker Creek,E. coli,MPN/100mL,BK01,KCHD-BK01,2022-02-03,2022-02-03 11:30:00,20.3
Barker Creek,E. coli,MPN/100mL,BK01,KCHD-BK01,2022-02-03,2022-02-03 11:30:00,30.9
Barker Creek,E. coli,MPN/100mL,BK01,KCHD-BK01,2022-03-02,2022-03-02 11:52:00,44.1
Barker Creek,E. coli,MPN/100mL,BK01,KCHD-BK01,2022-03-02,2022-03-02 11:52:00,38.3
Barker Creek,E. coli,MPN/100mL,BK01,KCHD-BK01,2022-04-26,2022-04-26 10:15:00,98.8
Barker Creek,E. coli,MPN/100mL,BK01,KCHD-BK01,2022-04-26,2022-04-26 10:15:00,139.6
Barker Creek,E. coli,MPN/100mL,BK01,KCHD-BK01,2022-05-24,2022-05-24 13:14:00,158.5
Barker Creek,E. coli,MPN/100mL,BK01,KCHD-BK01,2022-05-24,2022-05-24 13:14:00,151.5
Barker Creek,E. coli,MPN/100mL,BK01,KCHD-BK01,2022-06-07,2022-06-07 10:26:00,135.4
Barker Creek,E. coli,MPN/100mL,BK01,KCHD-BK01,2022-06-07,2022-06-07 10:26:00,124.6
Barker Creek,E. coli,MPN/100mL,BK01,KCHD-BK01,2022-07-19,2022-07-19 11:54:00,65.0
Barker Creek,E. coli,MPN/100mL,BK01,KCHD-BK01,2022-07-19,2022-07-19 11:54:00,56.5
Barker Creek,E. coli,MPN/100mL,BK01,KCHD-BK01,2022-08-30,2022-08-30 11:42:00,147.0
Barker Creek,E. coli,MPN/100mL,BK01,KCHD-BK01,2022-08-30,2022-08-30 11:42:00,103.9
Barker Creek,E. coli,MPN/100mL,BK01,KCHD-BK01,2022-09-28,2022-09-28 12:58:00,34.1
Barker Creek,E. coli,MPN/100mL,BK01,KCHD-BK01,2022-09-28,2022-09-28 12:58:00,27.2
Barker Creek,E. coli,MPN/100mL,BK01,KCHD-BK01,2022-10-11,2022-10-11 11:15:00,60.9
Barker Creek,E. coli,MPN/100mL,BK01,KCHD-BK01,2022-10-11,2022-10-11 11:15:00,45.5
Barker Creek,E. coli,MPN/100mL,BK01,KCHD-BK01,2022-11-21,2022-11-21 11:34:00,14.5
Barker Creek,E. coli,MPN/100mL,BK01,KCHD-BK01,2022-11-21,2022-11-21 11:34:00,17.3
Barker Creek,E. coli,MPN/100mL,BK01,KCHD-BK01,2022-12-05,2022-12-05 11:39:00,13.5
Barker Creek,E. coli,MPN/100mL,BK01,KCHD-BK01,2022-12-05,2022-12-05 11:39:00,18.9
Barker Creek,E. coli,MPN/100mL,BK01,KCHD-BK01,2023-01-10,2023-01-10 13:05:00,108.1
Barker Creek,E. coli,MPN/100mL,BK01,KCHD-BK01,2023-01-10,2023-01-10 13:05:00,68.3
Barker Creek,E. coli,MPN/100mL,BK01,KCHD-BK01,2023-02-14,2023-02-14 13:27:00,3.1
Barker Creek,E. coli,MPN/100mL,BK01,KCHD-BK01,2023-02-14,2023-02-14 13:27:00,6.3
Barker Creek,E. coli,MPN/100mL,BK01,KCHD-BK01,2023-03-07,2023-03-07 10:15:00,21.8
Barker Creek,E. coli,MPN/100mL,BK01,KCHD-BK01,2023-03-07,2023-03-07 10:15:00,25.9
Barker Creek,E. coli,MPN/100mL,BK01,KCHD-BK01,2023-04-04,2023-04-04 10:36:00,3.1
Barker Creek,E. coli,MPN/100mL,BK01,KCHD-BK01,2023-04-04,2023-04-04 10:36:00,7.5
Barker Creek,E. coli,MPN/100mL,BK01,KCHD-BK01,2023-05-02,2023-05-02 10:50:00,17.3
Barker Creek,E. coli,MPN/100mL,BK01,KCHD-BK01,2023-05-02,2023-05-02 10:50:00,16.9
Barker Creek,E. coli,MPN/100mL,BK01,KCHD-BK01,2023-06-06,2023-06-06 09:22:00,57.6
Barker Creek,E. coli,MPN/100mL,BK01,KCHD-BK01,2023-06-06,2023-06-06 09:22:00,46.5
Barker Creek,E. coli,MPN/100mL,BK01,KCHD-BK01,2023-07-19,2023-07-19 12:55:00,63.3
Barker Creek,E. coli,MPN/100mL,BK01,KCHD-BK01,2023-07-19,2023-07-19 12:55:00,137.6
Barker Creek,E. coli,MPN/100mL,BK01,KCHD-BK01,2023-08-01,2023-08-01 10:30:00,96.0
Barker Creek,E. coli,MPN/100mL,BK01,KCHD-BK01,2023-08-01,2023-08-01 10:30:00,73.3
Barker Creek,E. coli,MPN/100mL,BK01,KCHD-BK01,2023-10-12,2023-10-12 11:55:00,53.7
Barker Creek,E. coli,MPN/100mL,BK01,KCHD-BK01,2023-10-12,2023-10-12 11:55:00,51.2
Barker Creek,E. coli,MPN/100mL,BK01,KCHD-BK01,2023-11-09,2023-11-09 10:02:00,21.6
Barker Creek,E. coli,MPN/100mL,BK01,KCHD-BK01,2023-11-09,2023-11-09 10:02:00,23.1
Barker Creek,E. coli,MPN/100mL,BK01,KCHD-BK01,2023-12-28,2023-12-28 12:26:00,46.0
Barker Creek,E. coli,MPN/100mL,BK01,KCHD-BK01,2023-12-28,2023-12-28 12:26:00,55.4
Barker Creek,E. coli,MPN/100mL,BK01,KCHD-BK01,2024-01-24,2024-01-24 10:24:00,44.1
Barker Creek,E. coli,MPN/100mL,BK01,KCHD-BK01,2024-01-24,2024-01-24 10:24:00,31.3
Barker Creek,E. coli,MPN/100mL,BK01,KCHD-BK01,2024-02-14,2024-02-14 11:22:00,7.5
Barker Creek,E. coli,MPN/100mL,BK01,KCHD-BK01,2024-02-14,2024-02-14 11:22:00,10.9
Barker Creek,E. coli,MPN/100mL,BK01,KCHD-BK01,2024-03-26,2024-03-26 12:32:00,28.5
Barker Creek,E. coli,MPN/100mL,BK01,KCHD-BK01,2024-03-26,2024-03-26 12:32:00,13.4
Barker Creek,E. coli,MPN/100mL,BK01,KCHD-BK01,2024-04-10,2024-04-10 11:30:00,7.4
Barker Creek,E. coli,MPN/100mL,BK01,KCHD-BK01,2024-04-10,2024-04-10 11:30:00,9.8
Barker Creek,E. coli,MPN/100mL,BK01,KCHD-BK01,2024-05-14,2024-05-14 11:15:00,35.5
Barker Creek,E. coli,MPN/100mL,BK01,KCHD-BK01,2024-05-14,2024-05-14 11:15:00,57.6
Barker Creek,E. coli,MPN/100mL,BK01,KCHD-BK01,2024-06-11,2024-06-11 11:04:00,178.9
Barker Creek,E. coli,MPN/100mL,BK01,KCHD-BK01,2024-06-11,2024-06-11 11:04:00,107.1
Barker Creek,E. coli,MPN/100mL,BK01,KCHD-BK01,2024-07-09,2024-07-09 09:24:00,1046.2
Barker Creek,E. coli,MPN/100mL,BK01,KCHD-BK01,2024-07-09,2024-07-09 09:24:00,1203.3
Barker Creek,E. coli,MPN/100mL,BK01,KCHD-BK01,2024-08-13,2024-08-13 10:30:00,68.9
Barker Creek,E. coli,MPN/100mL,BK01,KCHD-BK01,2024-08-13,2024-08-13 10:30:00,86.2
Barker Creek,E. coli,MPN/100mL,BK01,KCHD-BK01,2024-09-25,2024-09-25 09:04:00,76.7
Barker Creek,E. coli,MPN/100mL,BK01,KCHD-BK01,2024-09-25,2024-09-25 09:04:00,74.3
Barker Creek,E. coli,MPN/100mL,BK01,KCHD-BK01,2024-10-17,2024-10-17 10:30:00,41.4
Barker Creek,E. coli,MPN/100mL,BK01,KCHD-BK01,2024-10-17,2024-10-17 10:30:00,44.1
Barker Creek,E. coli,MPN/100mL,BK01,KCHD-BK01,2024-11-14,2024-11-14 09:52:00,86.2
Barker Creek,E. coli,MPN/100mL,BK01,KCHD-BK01,2024-11-14,2024-11-14 09:52:00,150.0
Barker Creek,E. coli,MPN/100mL,BK01,KCHD-BK01,2024-12-12,2024-12-12 09:33:00,17.3
Barker Creek,E. coli,MPN/100mL,BK01,KCHD-BK01,2024-12-12,2024-12-12 09:33:00,12.2
Barker Creek,E. coli,MPN/100mL,BK01,KCHD-BK01,2025-01-30,2025-01-30 10:42:00,4.1
Barker Creek,E. coli,MPN/100mL,BK01,KCHD-BK01,2025-01-30,2025-01-30 10:42:00,7.5
Barker Creek,E. coli,MPN/100mL,BK01,KCHD-BK01,2025-02-26,2025-02-26 09:46:00,18.9
Barker Creek,E. coli,MPN/100mL,BK01,KCHD-BK01,2025-02-26,2025-02-26 09:46:00,27.9
Barker Creek,E. coli,MPN/100mL,BK01,KCHD-BK01,2025-03-13,2025-03-13 11:47:00,9.5
Barker Creek,E. coli,MPN/100mL,BK01,KCHD-BK01,2025-03-13,2025-03-13 11:47:00,13.5
Barker Creek,E. coli,MPN/100mL,BK01,KCHD-BK01,2025-04-14,2025-04-14 10:40:00,21.8
Barker Creek,E. coli,MPN/100mL,BK01,KCHD-BK01,2025-04-14,2025-04-14 10:40:00,18.7
Barker Creek,E. coli,MPN/100mL,BK01,KCHD-BK01,2025-05-07,2025-05-07 11:01:00,90.6
Barker Creek,E. coli,MPN/100mL,BK01,KCHD-BK01,2025-05-07,2025-05-07 11:01:00,117.8
Barker Creek,E. coli,MPN/100mL,BK01,KCHD-BK01,2025-06-11,2025-06-11 12:15:00,69.7
Barker Creek,E. coli,MPN/100mL,BK01,KCHD-BK01,2025-06-11,2025-06-11 12:15:00,65.7
Barker Creek,E. coli,MPN/100mL,BK01,KCHD-BK01,2025-07-09,2025-07-09 11:16:00,118.7
Barker Creek,E. coli,MPN/100mL,BK01,KCHD-BK01,2025-07-09,2025-07-09 11:16:00,133.3
Barker Creek,E. coli,MPN/100mL,BK01,KCHD-BK01,2025-08-21,2025-08-21 10:45:00,238.2
Barker Creek,E. coli,MPN/100mL,BK01,KCHD-BK01,2025-08-21,2025-08-21 10:45:00,313.0
Barker Creek,E. coli,MPN/100mL,BK01,KCHD-BK01,2025-09-03,2025-09-03 11:30:00,816.4
Barker Creek,E. coli,MPN/100mL,BK01,KCHD-BK01,2025-09-03,2025-09-03 11:30:00,547.5
Chico Creek,E. coli,MPN/100mL,CH01,KCHD-CH01,2013-10-15,2013-10-15 09:44:00,20.0
Chico Creek,E. coli,MPN/100mL,CH01,KCHD-CH01,2013-10-15,2013-10-15 09:44:00,10.0
Chico Creek,E. coli,MPN/100mL,CH01,KCHD-CH01,2013-11-14,2013-11-14 09:25:00,90.0
Chico Creek,E. coli,MPN/100mL,CH01,KCHD-CH01,2013-11-14,2013-11-14 09:25:00,60.0
Chico Creek,E. coli,MPN/100mL,CH01,KCHD-CH01,2013-12-18,2013-12-18 09:55:00,20.0
Chico Creek,E. coli,MPN/100mL,CH01,KCHD-CH01,2013-12-18,2013-12-18 09:55:00,30.0
Chico Creek,E. coli,MPN/100mL,CH01,KCHD-CH01,2014-01-10,2014-01-10 08:16:00,150.0
Chico Creek,E. coli,MPN/100mL,CH01,KCHD-CH01,2014-01-10,2014-01-10 08:16:00,140.0
Chico Creek,E. coli,MPN/100mL,CH01,KCHD-CH01,2014-02-10,2014-02-10 10:00:00,310.0
Chico Creek,E. coli,MPN/100mL,CH01,KCHD-CH01,2014-02-10,2014-02-10 10:00:00,270.0
Chico Creek,E. coli,MPN/100mL,CH01,KCHD-CH01,2014-03-12,2014-03-12 09:35:00,10.0
Chico Creek,E. coli,MPN/100mL,CH01,KCHD-CH01,2014-03-12,2014-03-12 09:35:00,10.0
Chico Creek,E. coli,MPN/100mL,CH01,KCHD-CH01,2014-04-22,2014-04-22 09:03:00,10.0
Chico Creek,E. coli,MPN/100mL,CH01,KCHD-CH01,2014-04-22,2014-04-22 09:03:00,30.0
Chico Creek,E. coli,MPN/100mL,CH01,KCHD-CH01,2014-05-22,2014-05-22 14:15:00,10.0
Chico Creek,E. coli,MPN/100mL,CH01,KCHD-CH01,2014-05-22,2014-05-22 14:15:00,10.0
Chico Creek,E. coli,MPN/100mL,CH01,KCHD-CH01,2014-06-04,2014-06-04 09:56:00,50.0
Chico Creek,E. coli,MPN/100mL,CH01,KCHD-CH01,2014-06-04,2014-06-04 09:56:00,10.0
Chico Creek,E. coli,MPN/100mL,CH01,KCHD-CH01,2014-07-10,2014-07-10 10:06:00,30.0
Chico Creek,E. coli,MPN/100mL,CH01,KCHD-CH01,2014-07-10,2014-07-10 10:06:00,60.0
Chico Creek,E. coli,MPN/100mL,CH01,KCHD-CH01,2014-08-06,2014-08-06 09:11:00,30.0
Chico Creek,E. coli,MPN/100mL,CH01,KCHD-CH01,2014-08-06,2014-08-06 09:11:00,20.0
Chico Creek,E. coli,MPN/100mL,CH01,KCHD-CH01,2014-10-08,2014-10-08 09:50:00,30.0
Chico Creek,E. coli,MPN/100mL,CH01,KCHD-CH01,2014-10-08,2014-10-08 09:50:00,30.0
Chico Creek,E. coli,MPN/100mL,CH01,KCHD-CH01,2014-11-05,2014-11-05 09:13:00,50.0
Chico Creek,E. coli,MPN/100mL,CH01,KCHD-CH01,2014-11-05,2014-11-05 09:13:00,60.0
Chico Creek,E. coli,MPN/100mL,CH01,KCHD-CH01,2014-12-02,2014-12-02 09:40:00,10.0
Chico Creek,E. coli,MPN/100mL,CH01,KCHD-CH01,2014-12-02,2014-12-02 09:40:00,20.0
Chico Creek,E. coli,MPN/100mL,CH01,KCHD-CH01,2015-01-07,2015-01-07 12:40:00,10.0
Chico Creek,E. coli,MPN/100mL,CH01,KCHD-CH01,2015-01-07,2015-01-07 12:40:00,10.0
Chico Creek,E. coli,MPN/100mL,CH01,KCHD-CH01,2015-02-17,2015-02-17 09:41:00,10.0
Chico Creek,E. coli,MPN/100mL,CH01,KCHD-CH01,2015-02-17,2015-02-17 09:41:00,10.0
Chico Creek,E. coli,MPN/100mL,CH01,KCHD-CH01,2015-03-18,2015-03-18 09:52:00,40.0
Chico Creek,E. coli,MPN/100mL,CH01,KCHD-CH01,2015-03-18,2015-03-18 09:52:00,20.0
Chico Creek,E. coli,MPN/100mL,CH01,KCHD-CH01,2015-04-14,2015-04-14 10:00:00,40.0
Chico Creek,E. coli,MPN/100mL,CH01,KCHD-CH01,2015-04-14,2015-04-14 10:00:00,10.0
Chico Creek,E. coli,MPN/100mL,CH01,KCHD-CH01,2015-05-12,2015-05-12 10:12:00,10.0
Chico Creek,E. coli,MPN/100mL,CH01,KCHD-CH01,2015-05-12,2015-05-12 10:12:00,10.0
Chico Creek,E. coli,MPN/100mL,CH01,KCHD-CH01,2015-06-22,2015-06-22 10:05:00,60.0
Chico Creek,E. coli,MPN/100mL,CH01,KCHD-CH01,2015-06-22,2015-06-22 10:05:00,30.0
Chico Creek,E. coli,MPN/100mL,CH01,KCHD-CH01,2015-07-13,2015-07-13 10:55:00,100.0
Chico Creek,E. coli,MPN/100mL,CH01,KCHD-CH01,2015-07-13,2015-07-13 10:55:00,110.0
Chico Creek,E. coli,MPN/100mL,CH01,KCHD-CH01,2015-08-18,2015-08-18 09:55:00,90.0
Chico Creek,E. coli,MPN/100mL,CH01,KCHD-CH01,2015-08-18,2015-08-18 09:55:00,60.0
Chico Creek,E. coli,MPN/100mL,CH01,KCHD-CH01,2015-09-16,2015-09-16 08:14:00,40.0
Chico Creek,E. coli,MPN/100mL,CH01,KCHD-CH01,2015-09-16,2015-09-16 08:14:00,30.0
Chico Creek,E. coli,MPN/100mL,CH01,KCHD-CH01,2015-10-27,2015-10-27 09:15:00,70.0
Chico Creek,E. coli,MPN/100mL,CH01,KCHD-CH01,2015-10-27,2015-10-27 09:15:00,60.0
Chico Creek,E. coli,MPN/100mL,CH01,KCHD-CH01,2015-11-10,2015-11-10 08:43:00,20.0
Chico Creek,E. coli,MPN/100mL,CH01,KCHD-CH01,2015-11-10,2015-11-10 08:43:00,10.0
Chico Creek,E. coli,MPN/100mL,CH01,KCHD-CH01,2015-12-21,2015-12-21 08:37:00,90.0
Chico Creek,E. coli,MPN/100mL,CH01,KCHD-CH01,2015-12-21,2015-12-21 08:37:00,70.0
Chico Creek,E. coli,MPN/100mL,CH01,KCHD-CH01,2016-01-13,2016-01-13 12:34:00,10.0
Chico Creek,E. coli,MPN/100mL,CH01,KCHD-CH01,2016-01-13,2016-01-13 12:34:00,20.0
Chico Creek,E. coli,MPN/100mL,CH01,KCHD-CH01,2016-02-10,2016-02-10 10:18:00,10.0
Chico Creek,E. coli,MPN/100mL,CH01,KCHD-CH01,2016-02-10,2016-02-10 10:18:00,30.0
Chico Creek,E. coli,MPN/100mL,CH01,KCHD-CH01,2016-03-09,2016-03-09 09:41:00,10.0
Chico Creek,E. coli,MPN/100mL,CH01,KCHD-CH01,2016-03-09,2016-03-09 09:41:00,10.0
Chico Creek,E. coli,MPN/100mL,CH01,KCHD-CH01,2016-04-12,2016-04-12 09:53:00,10.0
Chico Creek,E. coli,MPN/100mL,CH01,KCHD-CH01,2016-04-12,2016-04-12 09:53:00,10.0
Chico Creek,E. coli,MPN/100mL,CH01,KCHD-CH01,2016-05-17,2016-05-17 09:44:00,10.0
Chico Creek,E. coli,MPN/100mL,CH01,KCHD-CH01,2016-05-17,2016-05-17 09:44:00,60.0
Chico Creek,E. coli,MPN/100mL,CH01,KCHD-CH01,2016-06-15,2016-06-15 09:19:00,10.0
Chico Creek,E. coli,MPN/100mL,CH01,KCHD-CH01,2016-06-15,2016-06-15 09:19:00,10.0
Chico Creek,E. coli,MPN/100mL,CH01,KCHD-CH01,2016-07-13,2016-07-13 09:45:00,50.0
Chico Creek,E. coli,MPN/100mL,CH01,KCHD-CH01,2016-07-13,2016-07-13 09:45:00,60.0
Chico Creek,E. coli,MPN/100mL,CH01,KCHD-CH01,2016-08-16,2016-08-16 08:58:00,60.0
Chico Creek,E. coli,MPN/100mL,CH01,KCHD-CH01,2016-08-16,2016-08-16 08:58:00,90.0
Chico Creek,E. coli,MPN/100mL,CH01,KCHD-CH01,2016-09-13,2016-09-13 09:27:00,70.0
Chico Creek,E. coli,MPN/100mL,CH01,KCHD-CH01,2016-09-13,2016-09-13 09:27:00,80.0
Chico Creek,E. coli,MPN/100mL,CH01,KCHD-CH01,2016-10-11,2016-10-11 10:10:00,70.0
Chico Creek,E. coli,MPN/100mL,CH01,KCHD-CH01,2016-10-11,2016-10-11 10:10:00,10.0
Chico Creek,E. coli,MPN/100mL,CH01,KCHD-CH01,2016-11-22,2016-11-22 06:57:00,10.0
Chico Creek,E. coli,MPN/100mL,CH01,KCHD-CH01,2016-11-22,2016-11-22 06:57:00,30.0
Chico Creek,E. coli,MPN/100mL,CH01,KCHD-CH01,2016-12-12,2016-12-12 10:01:00,30.0
Chico Creek,E. coli,MPN/100mL,CH01,KCHD-CH01,2016-12-12,2016-12-12 10:01:00,40.0
Chico Creek,E. coli,MPN/100mL,CH01,KCHD-CH01,2017-01-13,2017-01-13 09:12:00,10.0
Chico Creek,E. coli,MPN/100mL,CH01,KCHD-CH01,2017-01-13,2017-01-13 09:12:00,10.0
Chico Creek,E. coli,MPN/100mL,CH01,KCHD-CH01,2017-02-01,2017-02-01 11:32:00,10.0
Chico Creek,E. coli,MPN/100mL,CH01,KCHD-CH01,2017-02-01,2017-02-01 11:32:00,10.0
Chico Creek,E. coli,MPN/100mL,CH01,KCHD-CH01,2017-03-10,2017-03-10 09:46:00,10.0
Chico Creek,E. coli,MPN/100mL,CH01,KCHD-CH01,2017-03-10,2017-03-10 09:46:00,20.0
Chico Creek,E. coli,MPN/100mL,CH01,KCHD-CH01,2017-04-13,2017-04-13 09:49:00,160.0
Chico Creek,E. coli,MPN/100mL,CH01,KCHD-CH01,2017-04-13,2017-04-13 09:49:00,170.0
Chico Creek,E. coli,MPN/100mL,CH01,KCHD-CH01,2017-05-09,2017-05-09 08:18:00,50.0
Chico Creek,E. coli,MPN/100mL,CH01,KCHD-CH01,2017-05-09,2017-05-09 08:31:00,40.0
Chico Creek,E. coli,MPN/100mL,CH01,KCHD-CH01,2017-06-08,2017-06-08 09:47:00,370.0
Chico Creek,E. coli,MPN/100mL,CH01,KCHD-CH01,2017-06-08,2017-06-08 09:47:00,330.0
Chico Creek,E. coli,MPN/100mL,CH01,KCHD-CH01,2017-07-10,2017-07-10 09:12:00,140.0
Chico Creek,E. coli,MPN/100mL,CH01,KCHD-CH01,2017-07-10,2017-07-10 09:12:00,80.0
Chico Creek,E. coli,MPN/100mL,CH01,KCHD-CH01,2017-08-02,2017-08-02 09:40:00,130.0
Chico Creek,E. coli,MPN/100mL,CH01,KCHD-CH01,2017-08-02,2017-08-02 09:40:00,50.0
Chico Creek,E. coli,MPN/100mL,CH01,KCHD-CH01,2017-09-06,2017-09-06 09:33:00,150.0
Chico Creek,E. coli,MPN/100mL,CH01,KCHD-CH01,2017-09-06,2017-09-06 09:33:00,140.0
Chico Creek,E. coli,MPN/100mL,CH01,KCHD-CH01,2017-10-03,2017-10-03 08:36:00,40.0
Chico Creek,E. coli,MPN/100mL,CH01,KCHD-CH01,2017-10-03,2017-10-03 08:36:00,30.0
Chico Creek,E. coli,MPN/100mL,CH01,KCHD-CH01,2017-11-01,2017-11-01 08:46:00,20.0
Chico Creek,E. coli,MPN/100mL,CH01,KCHD-CH01,2017-11-01,2017-11-01 08:46:00,20.0
Chico Creek,E. coli,MPN/100mL,CH01,KCHD-CH01,2017-12-12,2017-12-12 07:37:00,10.0
Chico Creek,E. coli,MPN/100mL,CH01,KCHD-CH01,2017-12-12,2017-12-12 07:37:00,10.0
Chico Creek,E. coli,MPN/100mL,CH01,KCHD-CH01,2018-01-03,2018-01-03 09:46:00,120.0
Chico Creek,E. coli,MPN/100mL,CH01,KCHD-CH01,2018-01-03,2018-01-03 09:46:00,70.0
Chico Creek,E. coli,MPN/100mL,CH01,KCHD-CH01,2018-02-01,2018-02-01 09:20:00,10.0
Chico Creek,E. coli,MPN/100mL,CH01,KCHD-CH01,2018-02-01,2018-02-01 09:20:00,10.0
Chico Creek,E. coli,MPN/100mL,CH01,KCHD-CH01,2018-03-01,2018-03-01 09:39:00,10.0
Chico Creek,E. coli,MPN/100mL,CH01,KCHD-CH01,2018-03-01,2018-03-01 09:39:00,10.0
Chico Creek,E. coli,MPN/100mL,CH01,KCHD-CH01,2018-04-03,2018-04-03 09:36:00,20.0
Chico Creek,E. coli,MPN/100mL,CH01,KCHD-CH01,2018-04-03,2018-04-03 09:36:00,10.0
Chico Creek,E. coli,MPN/100mL,CH01,KCHD-CH01,2018-05-02,2018-05-02 09:39:00,20.0
Chico Creek,E. coli,MPN/100mL,CH01,KCHD-CH01,2018-05-02,2018-05-02 09:39:00,10.0
Chico Creek,E. coli,MPN/100mL,CH01,KCHD-CH01,2018-06-12,2018-06-12 07:38:00,80.0
Chico Creek,E. coli,MPN/100mL,CH01,KCHD-CH01,2018-06-12,2018-06-12 07:38:00,70.0
Chico Creek,E. coli,MPN/100mL,CH01,KCHD-CH01,2018-07-03,2018-07-03 11:00:00,50.0
Chico Creek,E. coli,MPN/100mL,CH01,KCHD-CH01,2018-07-03,2018-07-03 11:00:00,10.0
Chico Creek,E. coli,MPN/100mL,CH01,KCHD-CH01,2018-08-07,2018-08-07 10:30:00,60.0
Chico Creek,E. coli,MPN/100mL,CH01,KCHD-CH01,2018-08-07,2018-08-07 10:30:00,60.0
Chico Creek,E. coli,MPN/100mL,CH01,KCHD-CH01,2018-09-05,2018-09-05 09:44:00,70.0
Chico Creek,E. coli,MPN/100mL,CH01,KCHD-CH01,2018-09-05,2018-09-05 09:44:00,50.0
Chico Creek,E. coli,MPN/100mL,CH01,KCHD-CH01,2018-10-02,2018-10-02 09:05:00,80.0
Chico Creek,E. coli,MPN/100mL,CH01,KCHD-CH01,2018-10-02,2018-10-02 09:05:00,100.0
Chico Creek,E. coli,MPN/100mL,CH01,KCHD-CH01,2018-11-06,2018-11-06 08:56:00,80.0
Chico Creek,E. coli,MPN/100mL,CH01,KCHD-CH01,2018-11-06,2018-11-06 08:56:00,60.0
Chico Creek,E. coli,MPN/100mL,CH01,KCHD-CH01,2018-12-03,2018-12-03 07:15:00,10.0
Chico Creek,E. coli,MPN/100mL,CH01,KCHD-CH01,2018-12-03,2018-12-03 07:15:00,10.0
Chico Creek,E. coli,MPN/100mL,CH01,KCHD-CH01,2019-01-10,2019-01-10 10:02:00,40.0
Chico Creek,E. coli,MPN/100mL,CH01,KCHD-CH01,2019-01-10,2019-01-10 10:02:00,10.0
Chico Creek,E. coli,MPN/100mL,CH01,KCHD-CH01,2019-02-22,2019-02-22 09:37:00,10.0
Chico Creek,E. coli,MPN/100mL,CH01,KCHD-CH01,2019-02-22,2019-02-22 09:37:00,10.0
Chico Creek,E. coli,MPN/100mL,CH01,KCHD-CH01,2019-03-20,2019-03-20 10:03:00,10.0
Chico Creek,E. coli,MPN/100mL,CH01,KCHD-CH01,2019-03-20,2019-03-20 10:03:00,10.0
Chico Creek,E. coli,MPN/100mL,CH01,KCHD-CH01,2019-04-03,2019-04-03 09:50:00,30.0
Chico Creek,E. coli,MPN/100mL,CH01,KCHD-CH01,2019-04-03,2019-04-03 09:50:00,30.0
Chico Creek,E. coli,MPN/100mL,CH01,KCHD-CH01,2019-05-02,2019-05-02 09:43:00,10.0
Chico Creek,E. coli,MPN/100mL,CH01,KCHD-CH01,2019-05-02,2019-05-02 09:43:00,40.0
Chico Creek,E. coli,MPN/100mL,CH01,KCHD-CH01,2019-06-04,2019-06-04 09:26:00,120.0
Chico Creek,E. coli,MPN/100mL,CH01,KCHD-CH01,2019-06-04,2019-06-04 09:26:00,90.0
Chico Creek,E. coli,MPN/100mL,CH01,KCHD-CH01,2019-07-02,2019-07-02 09:15:00,150.0
Chico Creek,E. coli,MPN/100mL,CH01,KCHD-CH01,2019-07-02,2019-07-02 09:15:00,200.0
Chico Creek,E. coli,MPN/100mL,CH01,KCHD-CH01,2019-08-13,2019-08-13 09:30:00,240.0
Chico Creek,E. coli,MPN/100mL,CH01,KCHD-CH01,2019-08-13,2019-08-13 09:30:00,260.0
Chico Creek,E. coli,MPN/100mL,CH01,KCHD-CH01,2019-09-05,2019-09-05 07:20:00,370.0
Chico Creek,E. coli,MPN/100mL,CH01,KCHD-CH01,2019-09-05,2019-09-05 07:20:00,160.0
Chico Creek,E. coli,MPN/100mL,CH01,KCHD-CH01,2020-10-28,2020-10-28 08:37:00,86.0
Chico Creek,E. coli,MPN/100mL,CH01,KCHD-CH01,2020-10-28,2020-10-28 08:37:00,79.8
Chico Creek,E. coli,MPN/100mL,CH01,KCHD-CH01,2020-11-30,2020-11-30 11:25:00,83.9
Chico Creek,E. coli,MPN/100mL,CH01,KCHD-CH01,2020-11-30,2020-11-30 11:25:00,67.0
Chico Creek,E. coli,MPN/100mL,CH01,KCHD-CH01,2020-12-15,2020-12-15 09:14:00,104.6
Chico Creek,E. coli,MPN/100mL,CH01,KCHD-CH01,2020-12-15,2020-12-15 09:14:00,90.6
Chico Creek,E. coli,MPN/100mL,CH01,KCHD-CH01,2021-01-14,2021-01-14 09:41:00,16.1
Chico Creek,E. coli,MPN/100mL,CH01,KCHD-CH01,2021-01-14,2021-01-14 09:41:00,15.8
Chico Creek,E. coli,MPN/100mL,CH01,KCHD-CH01,2021-02-10,2021-02-10 09:36:00,33.1
Chico Creek,E. coli,MPN/100mL,CH01,KCHD-CH01,2021-02-10,2021-02-10 09:36:00,30.5
Chico Creek,E. coli,MPN/100mL,CH01,KCHD-CH01,2021-03-11,2021-03-11 08:47:00,3.0
Chico Creek,E. coli,MPN/100mL,CH01,KCHD-CH01,2021-03-11,2021-03-11 08:47:00,4.1
Chico Creek,E. coli,MPN/100mL,CH01,KCHD-CH01,2021-04-14,2021-04-14 09:13:00,7.4
Chico Creek,E. coli,MPN/100mL,CH01,KCHD-CH01,2021-04-14,2021-04-14 09:13:00,6.3
Chico Creek,E. coli,MPN/100mL,CH01,KCHD-CH01,2021-05-18,2021-05-18 10:05:00,28.1
Chico Creek,E. coli,MPN/100mL,CH01,KCHD-CH01,2021-05-18,2021-05-18 10:05:00,33.6
Chico Creek,E. coli,MPN/100mL,CH01,KCHD-CH01,2021-06-16,2021-06-16 12:06:00,27.2
Chico Creek,E. coli,MPN/100mL,CH01,KCHD-CH01,2021-06-16,2021-06-16 12:06:00,17.3
Chico Creek,E. coli,MPN/100mL,CH01,KCHD-CH01,2021-07-27,2021-07-27 11:32:00,80.9
Chico Creek,E. coli,MPN/100mL,CH01,KCHD-CH01,2021-07-27,2021-07-27 11:32:00,101.4
Chico Creek,E. coli,MPN/100mL,CH01,KCHD-CH01,2021-08-18,2021-08-18 07:54:00,98.7
Chico Creek,E. coli,MPN/100mL,CH01,KCHD-CH01,2021-08-18,2021-08-18 07:54:00,75.4
Chico Creek,E. coli,MPN/100mL,CH01,KCHD-CH01,2021-09-16,2021-09-16 08:30:00,45.0
Chico Creek,E. coli,MPN/100mL,CH01,KCHD-CH01,2021-09-16,2021-09-16 08:30:00,52.0
Chico Creek,E. coli,MPN/100mL,CH01,KCHD-CH01,2021-10-21,2021-10-21 11:58:00,185.0
Chico Creek,E. coli,MPN/100mL,CH01,KCHD-CH01,2021-10-21,2021-10-21 11:58:00,125.9
Chico Creek,E. coli,MPN/100mL,CH01,KCHD-CH01,2021-11-16,2021-11-16 09:27:00,24.6
Chico Creek,E. coli,MPN/100mL,CH01,KCHD-CH01,2021-11-16,2021-11-16 09:27:00,41.4
Chico Creek,E. coli,MPN/100mL,CH01,KCHD-CH01,2021-12-14,2021-12-14 08:34:00,62.0
Chico Creek,E. coli,MPN/100mL,CH01,KCHD-CH01,2021-12-14,2021-12-14 08:34:00,84.2
Chico Creek,E. coli,MPN/100mL,CH01,KCHD-CH01,2022-01-20,2022-01-20 13:51:00,6.3
Chico Creek,E. coli,MPN/100mL,CH01,KCHD-CH01,2022-01-20,2022-01-20 13:51:00,13.4
Chico Creek,E. coli,MPN/100mL,CH01,KCHD-CH01,2022-02-03,2022-02-03 09:51:00,5.2
Chico Creek,E. coli,MPN/100mL,CH01,KCHD-CH01,2022-02-03,2022-02-03 09:51:00,5.2
Chico Creek,E. coli,MPN/100mL,CH01,KCHD-CH01,2022-03-02,2022-03-02 09:40:00,4.1
Chico Creek,E. coli,MPN/100mL,CH01,KCHD-CH01,2022-03-02,2022-03-02 09:40:00,7.5
Chico Creek,E. coli,MPN/100mL,CH01,KCHD-CH01,2022-04-26,2022-04-26 08:59:00,39.3
Chico Creek,E. coli,MPN/100mL,CH01,KCHD-CH01,2022-04-26,2022-04-26 08:59:00,27.2
Chico Creek,E. coli,MPN/100mL,CH01,KCHD-CH01,2022-05-24,2022-05-24 11:53:00,17.1
Chico Creek,E. coli,MPN/100mL,CH01,KCHD-CH01,2022-05-24,2022-05-24 11:53:00,30.9
Chico Creek,E. coli,MPN/100mL,CH01,KCHD-CH01,2022-06-07,2022-06-07 08:45:00,59.4
Chico Creek,E. coli,MPN/100mL,CH01,KCHD-CH01,2022-06-07,2022-06-07 08:45:00,103.6
Chico Creek,E. coli,MPN/100mL,CH01,KCHD-CH01,2022-07-19,2022-07-19 13:02:00,38.4
Chico Creek,E. coli,MPN/100mL,CH01,KCHD-CH01,2022-07-19,2022-07-19 13:02:00,40.8
Chico Creek,E. coli,MPN/100mL,CH01,KCHD-CH01,2022-08-30,2022-08-30 13:24:00,93.3
Chico Creek,E. coli,MPN/100mL,CH01,KCHD-CH01,2022-08-30,2022-08-30 13:24:00,93.4
Chico Creek,E. coli,MPN/100mL,CH01,KCHD-CH01,2022-09-28,2022-09-28 11:50:00,146.7
Chico Creek,E. coli,MPN/100mL,CH01,KCHD-CH01,2022-09-28,2022-09-28 11:50:00,124.6
Chico Creek,E. coli,MPN/100mL,CH01,KCHD-CH01,2022-10-11,2022-10-11 09:44:00,90.6
Chico Creek,E. coli,MPN/100mL,CH01,KCHD-CH01,2022-10-11,2022-10-11 09:44:00,85.5
Chico Creek,E. coli,MPN/100mL,CH01,KCHD-CH01,2022-11-21,2022-11-21 10:32:00,56.5
Chico Creek,E. coli,MPN/100mL,CH01,KCHD-CH01,2022-11-21,2022-11-21 10:32:00,40.4
Chico Creek,E. coli,MPN/100mL,CH01,KCHD-CH01,2022-12-05,2022-12-05 11:00:00,19.7
Chico Creek,E. coli,MPN/100mL,CH01,KCHD-CH01,2022-12-05,2022-12-05 11:00:00,18.7
Chico Creek,E. coli,MPN/100mL,CH01,KCHD-CH01,2023-01-10,2023-01-10 11:33:00,22.3
Chico Creek,E. coli,MPN/100mL,CH01,KCHD-CH01,2023-01-10,2023-01-10 11:33:00,21.6
Chico Creek,E. coli,MPN/100mL,CH01,KCHD-CH01,2023-02-14,2023-02-14 14:09:00,9.7
Chico Creek,E. coli,MPN/100mL,CH01,KCHD-CH01,2023-02-14,2023-02-14 14:09:00,11.6
Chico Creek,E. coli,MPN/100mL,CH01,KCHD-CH01,2023-03-07,2023-03-07 09:30:00,4.1
Chico Creek,E. coli,MPN/100mL,CH01,KCHD-CH01,2023-03-07,2023-03-07 09:30:00,8.4
Chico Creek,E. coli,MPN/100mL,CH01,KCHD-CH01,2023-04-04,2023-04-04 09:07:00,5.2
Chico Creek,E. coli,MPN/100mL,CH01,KCHD-CH01,2023-04-04,2023-04-04 09:07:00,11.0
Chico Creek,E. coli,MPN/100mL,CH01,KCHD-CH01,2023-05-02,2023-05-02 10:10:00,6.3
Chico Creek,E. coli,MPN/100mL,CH01,KCHD-CH01,2023-05-02,2023-05-02 10:10:00,6.3
Chico Creek,E. coli,MPN/100mL,CH01,KCHD-CH01,2023-06-06,2023-06-06 08:10:00,201.4
Chico Creek,E. coli,MPN/100mL,CH01,KCHD-CH01,2023-06-06,2023-06-06 08:10:00,260.3
Chico Creek,E. coli,MPN/100mL,CH01,KCHD-CH01,2023-07-19,2023-07-19 13:33:00,50.4
Chico Creek,E. coli,MPN/100mL,CH01,KCHD-CH01,2023-07-19,2023-07-19 13:33:00,70.6
Chico Creek,E. coli,MPN/100mL,CH01,KCHD-CH01,2023-08-01,2023-08-01 09:35:00,25.9
Chico Creek,E. coli,MPN/100mL,CH01,KCHD-CH01,2023-08-01,2023-08-01 09:35:00,33.1
Chico Creek,E. coli,MPN/100mL,CH01,KCHD-CH01,2023-09-12,2023-09-12 09:40:00,55.6
Chico Creek,E. coli,MPN/100mL,CH01,KCHD-CH01,2023-09-12,2023-09-12 09:40:00,48.0
Chico Creek,E. coli,MPN/100mL,CH01,KCHD-CH01,2023-10-12,2023-10-12 11:14:00,32.3
Chico Creek,E. coli,MPN/100mL,CH01,KCHD-CH01,2023-10-12,2023-10-12 11:14:00,32.8
Chico Creek,E. coli,MPN/100mL,CH01,KCHD-CH01,2023-11-09,2023-11-09 09:08:00,110.6
Chico Creek,E. coli,MPN/100mL,CH01,KCHD-CH01,2023-11-09,2023-11-09 09:08:00,81.6
Chico Creek,E. coli,MPN/100mL,CH01,KCHD-CH01,2023-12-28,2023-12-28 11:39:00,13.5
Chico Creek,E. coli,MPN/100mL,CH01,KCHD-CH01,2023-12-28,2023-12-28 11:39:00,13.2
Chico Creek,E. coli,MPN/100mL,CH01,KCHD-CH01,2024-01-24,2024-01-24 09:30:00,18.7
Chico Creek,E. coli,MPN/100mL,CH01,KCHD-CH01,2024-01-24,2024-01-24 09:30:00,38.3
Chico Creek,E. coli,MPN/100mL,CH01,KCHD-CH01,2024-02-14,2024-02-14 10:28:00,112.6
Chico Creek,E. coli,MPN/100mL,CH01,KCHD-CH01,2024-02-14,2024-02-14 10:28:00,116.2
Chico Creek,E. coli,MPN/100mL,CH01,KCHD-CH01,2024-03-26,2024-03-26 11:55:00,4.1
Chico Creek,E. coli,MPN/100mL,CH01,KCHD-CH01,2024-03-26,2024-03-26 11:55:00,3.0
Chico Creek,E. coli,MPN/100mL,CH01,KCHD-CH01,2024-04-10,2024-04-10 10:08:00,5.2
Chico Creek,E. coli,MPN/100mL,CH01,KCHD-CH01,2024-04-10,2024-04-10 10:08:00,7.5
Chico Creek,E. coli,MPN/100mL,CH01,KCHD-CH01,2024-05-14,2024-05-14 09:50:00,33.1
Chico Creek,E. coli,MPN/100mL,CH01,KCHD-CH01,2024-05-14,2024-05-14 09:50:00,33.6
Chico Creek,E. coli,MPN/100mL,CH01,KCHD-CH01,2024-06-11,2024-06-11 10:10:00,30.1
Chico Creek,E. coli,MPN/100mL,CH01,KCHD-CH01,2024-06-11,2024-06-11 10:10:00,38.3
Chico Creek,E. coli,MPN/100mL,CH01,KCHD-CH01,2024-07-09,2024-07-09 08:37:00,162.4
Chico Creek,E. coli,MPN/100mL,CH01,KCHD-CH01,2024-07-09,2024-07-09 08:37:00,88.2
Chico Creek,E. coli,MPN/100mL,CH01,KCHD-CH01,2024-08-13,2024-08-13 09:30:00,35.9
Chico Creek,E. coli,MPN/100mL,CH01,KCHD-CH01,2024-08-13,2024-08-13 09:30:00,45.7
Chico Creek,E. coli,MPN/100mL,CH01,KCHD-CH01,2024-09-25,2024-09-25 08:23:00,52.9
Chico Creek,E. coli,MPN/100mL,CH01,KCHD-CH01,2024-09-25,2024-09-25 08:23:00,78.0
Chico Creek,E. coli,MPN/100mL,CH01,KCHD-CH01,2024-10-17,2024-10-17 09:54:00,39.9
Chico Creek,E. coli,MPN/100mL,CH01,KCHD-CH01,2024-10-17,2024-10-17 09:54:00,48.0
Chico Creek,E. coli,MPN/100mL,CH01,KCHD-CH01,2024-11-14,2024-11-14 09:16:00,27.5
Chico Creek,E. coli,MPN/100mL,CH01,KCHD-CH01,2024-11-14,2024-11-14 09:16:00,36.8
Chico Creek,E. coli,MPN/100mL,CH01,KCHD-CH01,2024-12-12,2024-12-12 08:50:00,14.6
Chico Creek,E. coli,MPN/100mL,CH01,KCHD-CH01,2024-12-12,2024-12-12 08:50:00,33.1
Chico Creek,E. coli,MPN/100mL,CH01,KCHD-CH01,2025-01-30,2025-01-30 10:12:00,9.6
Chico Creek,E. coli,MPN/100mL,CH01,KCHD-CH01,2025-01-30,2025-01-30 10:12:00,11.0
Chico Creek,E. coli,MPN/100mL,CH01,KCHD-CH01,2025-02-26,2025-02-26 09:18:00,12.0
Chico Creek,E. coli,MPN/100mL,CH01,KCHD-CH01,2025-02-26,2025-02-26 09:18:00,8.5
Chico Creek,E. coli,MPN/100mL,CH01,KCHD-CH01,2025-03-13,2025-03-13 10:50:00,12.2
Chico Creek,E. coli,MPN/100mL,CH01,KCHD-CH01,2025-03-13,2025-03-13 10:50:00,8.4
Chico Creek,E. coli,MPN/100mL,CH01,KCHD-CH01,2025-04-14,2025-04-14 09:57:00,9.6
Chico Creek,E. coli,MPN/100mL,CH01,KCHD-CH01,2025-04-14,2025-04-14 09:57:00,12.2
Chico Creek,E. coli,MPN/100mL,CH01,KCHD-CH01,2025-05-07,2025-05-07 10:29:00,23.8
Chico Creek,E. coli,MPN/100mL,CH01,KCHD-CH01,2025-05-07,2025-05-07 10:29:00,21.8
Chico Creek,E. coli,MPN/100mL,CH01,KCHD-CH01,2025-06-11,2025-06-11 11:42:00,81.3
Chico Creek,E. coli,MPN/100mL,CH01,KCHD-CH01,2025-06-11,2025-06-11 11:42:00,68.3
Chico Creek,E. coli,MPN/100mL,CH01,KCHD-CH01,2025-07-09,2025-07-09 10:44:00,66.3
Chico Creek,E. coli,MPN/100mL,CH01,KCHD-CH01,2025-07-09,2025-07-09 10:44:00,79.8
Chico Creek,E. coli,MPN/100mL,CH01,KCHD-CH01,2025-08-21,2025-08-21 09:42:00,45.0
Chico Creek,E. coli,MPN/100mL,CH01,KCHD-CH01,2025-08-21,2025-08-21 09:42:00,43.7
Chico Creek,E. coli,MPN/100mL,CH01,KCHD-CH01,2025-09-03,2025-09-03 10:48:00,38.8
Chico Creek,E. coli,MPN/100mL,CH01,KCHD-CH01,2025-09-03,2025-09-03 10:48:00,41.0
Clear Creek,E. coli,MPN/100mL,CC01,KCHD-CC01,2013-10-15,2013-10-15 10:25:00,70.0
Clear Creek,E. coli,MPN/100mL,CC01,KCHD-CC01,2013-10-15,2013-10-15 10:25:00,50.0
Clear Creek,E. coli,MPN/100mL,CC01,KCHD-CC01,2013-11-14,2013-11-14 09:50:00,10.0
Clear Creek,E. coli,MPN/100mL,CC01,KCHD-CC01,2013-11-14,2013-11-14 09:50:00,10.0
Clear Creek,E. coli,MPN/100mL,CC01,KCHD-CC01,2013-12-18,2013-12-18 10:26:00,30.0
Clear Creek,E. coli,MPN/100mL,CC01,KCHD-CC01,2013-12-18,2013-12-18 10:26:00,50.0
Clear Creek,E. coli,MPN/100mL,CC01,KCHD-CC01,2014-01-10,2014-01-10 08:47:00,20.0
Clear Creek,E. coli,MPN/100mL,CC01,KCHD-CC01,2014-01-10,2014-01-10 08:47:00,10.0
Clear Creek,E. coli,MPN/100mL,CC01,KCHD-CC01,2014-03-12,2014-03-12 10:14:00,10.0
Clear Creek,E. coli,MPN/100mL,CC01,KCHD-CC01,2014-03-12,2014-03-12 10:14:00,10.0
Clear Creek,E. coli,MPN/100mL,CC01,KCHD-CC01,2014-04-22,2014-04-22 09:34:00,510.0
Clear Creek,E. coli,MPN/100mL,CC01,KCHD-CC01,2014-04-22,2014-04-22 09:34:00,640.0
Clear Creek,E. coli,MPN/100mL,CC01,KCHD-CC01,2014-05-22,2014-05-22 10:24:00,100.0
Clear Creek,E. coli,MPN/100mL,CC01,KCHD-CC01,2014-05-22,2014-05-22 10:24:00,60.0
Clear Creek,E. coli,MPN/100mL,CC01,KCHD-CC01,2014-06-04,2014-06-04 10:25:00,120.0
Clear Creek,E. coli,MPN/100mL,CC01,KCHD-CC01,2014-06-04,2014-06-04 10:25:00,70.0
Clear Creek,E. coli,MPN/100mL,CC01,KCHD-CC01,2014-07-10,2014-07-10 10:42:00,40.0
Clear Creek,E. coli,MPN/100mL,CC01,KCHD-CC01,2014-07-10,2014-07-10 10:42:00,40.0
Clear Creek,E. coli,MPN/100mL,CC01,KCHD-CC01,2014-08-06,2014-08-06 09:48:00,170.0
Clear Creek,E. coli,MPN/100mL,CC01,KCHD-CC01,2014-08-06,2014-08-06 09:48:00,130.0
Clear Creek,E. coli,MPN/100mL,CC01,KCHD-CC01,2014-09-10,2014-09-10 10:37:00,140.0
Clear Creek,E. coli,MPN/100mL,CC01,KCHD-CC01,2014-09-10,2014-09-10 10:37:00,70.0
Clear Creek,E. coli,MPN/100mL,CC01,KCHD-CC01,2014-10-08,2014-10-08 10:10:00,80.0
Clear Creek,E. coli,MPN/100mL,CC01,KCHD-CC01,2014-10-08,2014-10-08 10:10:00,180.0
Clear Creek,E. coli,MPN/100mL,CC01,KCHD-CC01,2014-11-05,2014-11-05 09:45:00,40.0
Clear Creek,E. coli,MPN/100mL,CC01,KCHD-CC01,2014-11-05,2014-11-05 09:45:00,10.0
Clear Creek,E. coli,MPN/100mL,CC01,KCHD-CC01,2014-12-02,2014-12-02 10:04:00,30.0
Clear Creek,E. coli,MPN/100mL,CC01,KCHD-CC01,2014-12-02,2014-12-02 10:04:00,60.0
Clear Creek,E. coli,MPN/100mL,CC01,KCHD-CC01,2015-01-07,2015-01-07 12:11:00,10.0
Clear Creek,E. coli,MPN/100mL,CC01,KCHD-CC01,2015-01-07,2015-01-07 12:11:00,10.0
Clear Creek,E. coli,MPN/100mL,CC01,KCHD-CC01,2015-02-17,2015-02-17 10:55:00,10.0
Clear Creek,E. coli,MPN/100mL,CC01,KCHD-CC01,2015-02-17,2015-02-17 10:55:00,10.0
Clear Creek,E. coli,MPN/100mL,CC01,KCHD-CC01,2015-03-18,2015-03-18 10:33:00,40.0
Clear Creek,E. coli,MPN/100mL,CC01,KCHD-CC01,2015-03-18,2015-03-18 10:33:00,40.0
Clear Creek,E. coli,MPN/100mL,CC01,KCHD-CC01,2015-04-14,2015-04-14 10:46:00,20.0
Clear Creek,E. coli,MPN/100mL,CC01,KCHD-CC01,2015-04-14,2015-04-14 10:46:00,10.0
Clear Creek,E. coli,MPN/100mL,CC01,KCHD-CC01,2015-05-12,2015-05-12 10:43:00,40.0
Clear Creek,E. coli,MPN/100mL,CC01,KCHD-CC01,2015-05-12,2015-05-12 10:43:00,30.0
Clear Creek,E. coli,MPN/100mL,CC01,KCHD-CC01,2015-06-22,2015-06-22 10:37:00,60.0
Clear Creek,E. coli,MPN/100mL,CC01,KCHD-CC01,2015-06-22,2015-06-22 10:37:00,80.0
Clear Creek,E. coli,MPN/100mL,CC01,KCHD-CC01,2015-07-13,2015-07-13 11:30:00,120.0
Clear Creek,E. coli,MPN/100mL,CC01,KCHD-CC01,2015-07-13,2015-07-13 11:30:00,120.0
Clear Creek,E. coli,MPN/100mL,CC01,KCHD-CC01,2015-08-18,2015-08-18 10:50:00,20.0
Clear Creek,E. coli,MPN/100mL,CC01,KCHD-CC01,2015-08-18,2015-08-18 10:50:00,80.0
Clear Creek,E. coli,MPN/100mL,CC01,KCHD-CC01,2015-09-16,2015-09-16 08:36:00,20.0
Clear Creek,E. coli,MPN/100mL,CC01,KCHD-CC01,2015-09-16,2015-09-16 08:36:00,30.0
Clear Creek,E. coli,MPN/100mL,CC01,KCHD-CC01,2015-10-27,2015-10-27 09:43:00,170.0
Clear Creek,E. coli,MPN/100mL,CC01,KCHD-CC01,2015-10-27,2015-10-27 09:43:00,120.0
Clear Creek,E. coli,MPN/100mL,CC01,KCHD-CC01,2015-11-10,2015-11-10 09:08:00,40.0
Clear Creek,E. coli,MPN/100mL,CC01,KCHD-CC01,2015-11-10,2015-11-10 09:08:00,30.0
Clear Creek,E. coli,MPN/100mL,CC01,KCHD-CC01,2015-12-21,2015-12-21 09:14:00,510.0
Clear Creek,E. coli,MPN/100mL,CC01,KCHD-CC01,2015-12-21,2015-12-21 09:14:00,510.0
Clear Creek,E. coli,MPN/100mL,CC01,KCHD-CC01,2016-01-13,2016-01-13 11:52:00,130.0
Clear Creek,E. coli,MPN/100mL,CC01,KCHD-CC01,2016-01-13,2016-01-13 11:52:00,100.0
Clear Creek,E. coli,MPN/100mL,CC01,KCHD-CC01,2016-02-10,2016-02-10 10:41:00,10.0
Clear Creek,E. coli,MPN/100mL,CC01,KCHD-CC01,2016-02-10,2016-02-10 10:41:00,10.0
Clear Creek,E. coli,MPN/100mL,CC01,KCHD-CC01,2016-03-09,2016-03-09 10:07:00,10.0
Clear Creek,E. coli,MPN/100mL,CC01,KCHD-CC01,2016-03-09,2016-03-09 10:07:00,10.0
Clear Creek,E. coli,MPN/100mL,CC01,KCHD-CC01,2016-04-12,2016-04-12 10:15:00,10.0
Clear Creek,E. coli,MPN/100mL,CC01,KCHD-CC01,2016-04-12,2016-04-12 10:15:00,10.0
Clear Creek,E. coli,MPN/100mL,CC01,KCHD-CC01,2016-05-17,2016-05-17 10:29:00,750.0
Clear Creek,E. coli,MPN/100mL,CC01,KCHD-CC01,2016-05-17,2016-05-17 10:29:00,120.0
Clear Creek,E. coli,MPN/100mL,CC01,KCHD-CC01,2016-06-15,2016-06-15 09:45:00,210.0
Clear Creek,E. coli,MPN/100mL,CC01,KCHD-CC01,2016-06-15,2016-06-15 09:45:00,230.0
Clear Creek,E. coli,MPN/100mL,CC01,KCHD-CC01,2016-07-13,2016-07-13 11:31:00,30.0
Clear Creek,E. coli,MPN/100mL,CC01,KCHD-CC01,2016-07-13,2016-07-13 11:31:00,70.0
Clear Creek,E. coli,MPN/100mL,CC01,KCHD-CC01,2016-08-16,2016-08-16 10:20:00,50.0
Clear Creek,E. coli,MPN/100mL,CC01,KCHD-CC01,2016-08-16,2016-08-16 10:20:00,180.0
Clear Creek,E. coli,MPN/100mL,CC01,KCHD-CC01,2016-09-13,2016-09-13 10:51:00,60.0
Clear Creek,E. coli,MPN/100mL,CC01,KCHD-CC01,2016-09-13,2016-09-13 10:51:00,170.0
Clear Creek,E. coli,MPN/100mL,CC01,KCHD-CC01,2016-10-11,2016-10-11 11:19:00,110.0
Clear Creek,E. coli,MPN/100mL,CC01,KCHD-CC01,2016-10-11,2016-10-11 11:19:00,50.0
Clear Creek,E. coli,MPN/100mL,CC01,KCHD-CC01,2016-11-22,2016-11-22 07:49:00,80.0
Clear Creek,E. coli,MPN/100mL,CC01,KCHD-CC01,2016-11-22,2016-11-22 07:49:00,50.0
Clear Creek,E. coli,MPN/100mL,CC01,KCHD-CC01,2016-12-12,2016-12-12 11:01:00,10.0
Clear Creek,E. coli,MPN/100mL,CC01,KCHD-CC01,2016-12-12,2016-12-12 11:01:00,10.0
Clear Creek,E. coli,MPN/100mL,CC01,KCHD-CC01,2017-01-13,2017-01-13 10:05:00,10.0
Clear Creek,E. coli,MPN/100mL,CC01,KCHD-CC01,2017-01-13,2017-01-13 10:05:00,10.0
Clear Creek,E. coli,MPN/100mL,CC01,KCHD-CC01,2017-02-01,2017-02-01 10:53:00,10.0
Clear Creek,E. coli,MPN/100mL,CC01,KCHD-CC01,2017-02-01,2017-02-01 10:53:00,10.0
Clear Creek,E. coli,MPN/100mL,CC01,KCHD-CC01,2017-03-10,2017-03-10 10:53:00,120.0
Clear Creek,E. coli,MPN/100mL,CC01,KCHD-CC01,2017-03-10,2017-03-10 10:53:00,50.0
Clear Creek,E. coli,MPN/100mL,CC01,KCHD-CC01,2017-04-13,2017-04-13 10:47:00,80.0
Clear Creek,E. coli,MPN/100mL,CC01,KCHD-CC01,2017-04-13,2017-04-13 10:47:00,10.0
Clear Creek,E. coli,MPN/100mL,CC01,KCHD-CC01,2017-05-09,2017-05-09 09:24:00,120.0
Clear Creek,E. coli,MPN/100mL,CC01,KCHD-CC01,2017-05-09,2017-05-09 09:24:00,130.0
Clear Creek,E. coli,MPN/100mL,CC01,KCHD-CC01,2017-06-08,2017-06-08 10:56:00,420.0
Clear Creek,E. coli,MPN/100mL,CC01,KCHD-CC01,2017-06-08,2017-06-08 10:56:00,400.0
Clear Creek,E. coli,MPN/100mL,CC01,KCHD-CC01,2017-07-10,2017-07-10 10:08:00,150.0
Clear Creek,E. coli,MPN/100mL,CC01,KCHD-CC01,2017-07-10,2017-07-10 10:08:00,170.0
Clear Creek,E. coli,MPN/100mL,CC01,KCHD-CC01,2017-08-02,2017-08-02 10:55:00,60.0
Clear Creek,E. coli,MPN/100mL,CC01,KCHD-CC01,2017-08-02,2017-08-02 10:55:00,10.0
Clear Creek,E. coli,MPN/100mL,CC01,KCHD-CC01,2017-09-06,2017-09-06 11:16:00,80.0
Clear Creek,E. coli,MPN/100mL,CC01,KCHD-CC01,2017-09-06,2017-09-06 11:16:00,50.0
Clear Creek,E. coli,MPN/100mL,CC01,KCHD-CC01,2017-10-03,2017-10-03 10:17:00,20.0
Clear Creek,E. coli,MPN/100mL,CC01,KCHD-CC01,2017-11-01,2017-11-01 09:42:00,10.0
Clear Creek,E. coli,MPN/100mL,CC01,KCHD-CC01,2017-12-12,2017-12-12 08:36:00,20.0
Clear Creek,E. coli,MPN/100mL,CC01,KCHD-CC01,2018-01-03,2018-01-03 10:43:00,10.0
Clear Creek,E. coli,MPN/100mL,CC01,KCHD-CC01,2018-02-01,2018-02-01 10:12:00,10.0
Clear Creek,E. coli,MPN/100mL,CC01,KCHD-CC01,2018-03-01,2018-03-01 10:53:00,50.0
Clear Creek,E. coli,MPN/100mL,CC01,KCHD-CC01,2018-04-03,2018-04-03 10:44:00,10.0
Clear Creek,E. coli,MPN/100mL,CC01,KCHD-CC01,2018-05-02,2018-05-02 10:44:00,50.0
Clear Creek,E. coli,MPN/100mL,CC01,KCHD-CC01,2018-06-12,2018-06-12 09:53:00,40.0
Clear Creek,E. coli,MPN/100mL,CC01,KCHD-CC01,2018-07-03,2018-07-03 12:15:00,20.0
Clear Creek,E. coli,MPN/100mL,CC01,KCHD-CC01,2018-08-07,2018-08-07 11:29:00,310.0
Clear Creek,E. coli,MPN/100mL,CC01,KCHD-CC01,2018-09-05,2018-09-05 10:52:00,40.0
Clear Creek,E. coli,MPN/100mL,CC01,KCHD-CC01,2018-10-02,2018-10-02 10:14:00,60.0
Clear Creek,E. coli,MPN/100mL,CC01,KCHD-CC01,2018-11-06,2018-11-06 10:15:00,90.0
Clear Creek,E. coli,MPN/100mL,CC01,KCHD-CC01,2018-12-03,2018-12-03 10:38:00,50.0
Clear Creek,E. coli,MPN/100mL,CC01,KCHD-CC01,2019-01-10,2019-01-10 11:08:00,60.0
Clear Creek,E. coli,MPN/100mL,CC01,KCHD-CC01,2019-02-22,2019-02-22 10:37:00,10.0
Clear Creek,E. coli,MPN/100mL,CC01,KCHD-CC01,2019-03-20,2019-03-20 11:40:00,20.0
Clear Creek,E. coli,MPN/100mL,CC01,KCHD-CC01,2019-04-03,2019-04-03 11:03:00,20.0
Clear Creek,E. coli,MPN/100mL,CC01,KCHD-CC01,2019-05-02,2019-05-02 11:40:00,10.0
Clear Creek,E. coli,MPN/100mL,CC01,KCHD-CC01,2019-06-04,2019-06-04 10:54:00,260.0
Clear Creek,E. coli,MPN/100mL,CC01,KCHD-CC01,2019-07-02,2019-07-02 10:33:00,10.0
Clear Creek,E. coli,MPN/100mL,CC01,KCHD-CC01,2019-08-13,2019-08-13 10:44:00,40.0
Clear Creek,E. coli,MPN/100mL,CC01,KCHD-CC01,2019-09-05,2019-09-05 08:45:00,20.0
Clear Creek,E. coli,MPN/100mL,CC01,KCHD-CC01,2020-10-28,2020-10-28 09:43:00,33.6
Clear Creek,E. coli,MPN/100mL,CC01,KCHD-CC01,2020-11-30,2020-11-30 10:28:00,93.3
Clear Creek,E. coli,MPN/100mL,CC01,KCHD-CC01,2020-12-15,2020-12-15 10:12:00,83.6
Clear Creek,E. coli,MPN/100mL,CC01,KCHD-CC01,2021-01-14,2021-01-14 10:48:00,17.3
Clear Creek,E. coli,MPN/100mL,CC01,KCHD-CC01,2021-02-10,2021-02-10 10:39:00,17.3
Clear Creek,E. coli,MPN/100mL,CC01,KCHD-CC01,2021-03-11,2021-03-11 09:53:00,13.2
Clear Creek,E. coli,MPN/100mL,CC01,KCHD-CC01,2021-04-14,2021-04-14 10:22:00,16.0
Clear Creek,E. coli,MPN/100mL,CC01,KCHD-CC01,2021-05-18,2021-05-18 11:13:00,83.3
Clear Creek,E. coli,MPN/100mL,CC01,KCHD-CC01,2021-06-16,2021-06-16 11:03:00,51.2
Clear Creek,E. coli,MPN/100mL,CC01,KCHD-CC01,2021-07-27,2021-07-27 10:45:00,67.0
Clear Creek,E. coli,MPN/100mL,CC01,KCHD-CC01,2021-08-18,2021-08-18 08:47:00,206.4
Clear Creek,E. coli,MPN/100mL,CC01,KCHD-CC01,2021-09-16,2021-09-16 09:30:00,75.9
Clear Creek,E. coli,MPN/100mL,CC01,KCHD-CC01,2021-10-21,2021-10-21 11:03:00,58.1
Clear Creek,E. coli,MPN/100mL,CC01,KCHD-CC01,2021-11-16,2021-11-16 10:31:00,49.5
Clear Creek,E. coli,MPN/100mL,CC01,KCHD-CC01,2021-12-14,2021-12-14 09:13:00,36.4
Clear Creek,E. coli,MPN/100mL,CC01,KCHD-CC01,2022-01-20,2022-01-20 12:34:00,32.3
Clear Creek,E. coli,MPN/100mL,CC01,KCHD-CC01,2022-02-03,2022-02-03 11:11:00,37.3
Clear Creek,E. coli,MPN/100mL,CC01,KCHD-CC01,2022-03-02,2022-03-02 11:43:00,24.1
Clear Creek,E. coli,MPN/100mL,CC01,KCHD-CC01,2022-04-26,2022-04-26 10:03:00,48.7
Clear Creek,E. coli,MPN/100mL,CC01,KCHD-CC01,2022-05-24,2022-05-24 13:04:00,90.6
Clear Creek,E. coli,MPN/100mL,CC01,KCHD-CC01,2022-06-07,2022-06-07 09:54:00,137.6
Clear Creek,E. coli,MPN/100mL,CC01,KCHD-CC01,2022-07-19,2022-07-19 12:02:00,79.4
Clear Creek,E. coli,MPN/100mL,CC01,KCHD-CC01,2022-08-30,2022-08-30 11:54:00,46.2
Clear Creek,E. coli,MPN/100mL,CC01,KCHD-CC01,2022-09-28,2022-09-28 12:49:00,111.2
Clear Creek,E. coli,MPN/100mL,CC01,KCHD-CC01,2022-10-11,2022-10-11 11:00:00,78.0
Clear Creek,E. coli,MPN/100mL,CC01,KCHD-CC01,2022-11-21,2022-11-21 11:23:00,66.3
Clear Creek,E. coli,MPN/100mL,CC01,KCHD-CC01,2022-12-05,2022-12-05 11:29:00,12.2
Clear Creek,E. coli,MPN/100mL,CC01,KCHD-CC01,2023-01-10,2023-01-10 12:54:00,77.1
Clear Creek,E. coli,MPN/100mL,CC01,KCHD-CC01,2023-02-14,2023-02-14 13:35:00,12.2
Clear Creek,E. coli,MPN/100mL,CC01,KCHD-CC01,2023-03-07,2023-03-07 10:06:00,98.8
Clear Creek,E. coli,MPN/100mL,CC01,KCHD-CC01,2023-04-04,2023-04-04 10:02:00,28.2
Clear Creek,E. coli,MPN/100mL,CC01,KCHD-CC01,2023-05-02,2023-05-02 10:40:00,79.4
Clear Creek,E. coli,MPN/100mL,CC01,KCHD-CC01,2023-06-06,2023-06-06 09:05:00,161.6
Clear Creek,E. coli,MPN/100mL,CC01,KCHD-CC01,2023-07-19,2023-07-19 13:05:00,137.4
Clear Creek,E. coli,MPN/100mL,CC01,KCHD-CC01,2023-08-01,2023-08-01 10:23:00,113.4
Clear Creek,E. coli,MPN/100mL,CC01,KCHD-CC01,2023-09-12,2023-09-12 10:23:00,88.2
Clear Creek,E. coli,MPN/100mL,CC01,KCHD-CC01,2023-10-12,2023-10-12 11:41:00,249.5
Clear Creek,E. coli,MPN/100mL,CC01,KCHD-CC01,2023-11-09,2023-11-09 09:40:00,14.5
Clear Creek,E. coli,MPN/100mL,CC01,KCHD-CC01,2023-12-28,2023-12-28 12:15:00,190.4
Clear Creek,E. coli,MPN/100mL,CC01,KCHD-CC01,2024-01-24,2024-01-24 10:09:00,114.5
Clear Creek,E. coli,MPN/100mL,CC01,KCHD-CC01,2024-02-14,2024-02-14 11:08:00,6.3
Clear Creek,E. coli,MPN/100mL,CC01,KCHD-CC01,2024-03-26,2024-03-26 12:22:00,27.5
Clear Creek,E. coli,MPN/100mL,CC01,KCHD-CC01,2024-04-10,2024-04-10 11:12:00,47.1
Clear Creek,E. coli,MPN/100mL,CC01,KCHD-CC01,2024-05-14,2024-05-14 10:48:00,547.5
Clear Creek,E. coli,MPN/100mL,CC01,KCHD-CC01,2024-06-11,2024-06-11 10:50:00,35.0
Clear Creek,E. coli,MPN/100mL,CC01,KCHD-CC01,2024-07-09,2024-07-09 09:12:00,46.4
Clear Creek,E. coli,MPN/100mL,CC01,KCHD-CC01,2024-08-13,2024-08-13 10:15:00,71.7
Clear Creek,E. coli,MPN/100mL,CC01,KCHD-CC01,2024-09-25,2024-09-25 08:55:00,72.3
Clear Creek,E. coli,MPN/100mL,CC01,KCHD-CC01,2024-10-17,2024-10-17 10:21:00,36.9
Clear Creek,E. coli,MPN/100mL,CC01,KCHD-CC01,2024-11-14,2024-11-14 09:37:00,184.2
Clear Creek,E. coli,MPN/100mL,CC01,KCHD-CC01,2024-12-12,2024-12-12 09:20:00,8.6
Clear Creek,E. coli,MPN/100mL,CC01,KCHD-CC01,2025-01-30,2025-01-30 10:32:00,31.5
Clear Creek,E. coli,MPN/100mL,CC01,KCHD-CC01,2025-02-26,2025-02-26 09:34:00,15.8
Clear Creek,E. coli,MPN/100mL,CC01,KCHD-CC01,2025-03-13,2025-03-13 11:35:00,36.8
Clear Creek,E. coli,MPN/100mL,CC01,KCHD-CC01,2025-04-14,2025-04-14 10:26:00,28.8
Clear Creek,E. coli,MPN/100mL,CC01,KCHD-CC01,2025-05-07,2025-05-07 10:50:00,9.8
Clear Creek,E. coli,MPN/100mL,CC01,KCHD-CC01,2025-06-11,2025-06-11 12:05:00,30.5
Clear Creek,E. coli,MPN/100mL,CC01,KCHD-CC01,2025-07-09,2025-07-09 11:05:00,42.0
Clear Creek,E. coli,MPN/100mL,CC01,KCHD-CC01,2025-08-21,2025-08-21 10:28:00,58.3
Clear Creek,E. coli,MPN/100mL,CC01,KCHD-CC01,2025-09-03,2025-09-03 11:10:00,137.4
Mosher Creek,E. coli,MPN/100mL,MS01,KCHD-MS01,2013-10-15,2013-10-15 11:30:00,40.0
Mosher Creek,E. coli,MPN/100mL,MS01,KCHD-MS01,2013-11-14,2013-11-14 10:55:00,130.0
Mosher Creek,E. coli,MPN/100mL,MS01,KCHD-MS01,2013-12-18,2013-12-18 11:50:00,10.0
Mosher Creek,E. coli,MPN/100mL,MS01,KCHD-MS01,2014-01-10,2014-01-10 10:36:00,70.0
Mosher Creek,E. coli,MPN/100mL,MS01,KCHD-MS01,2014-02-10,2014-02-10 11:25:00,90.0
Mosher Creek,E. coli,MPN/100mL,MS01,KCHD-MS01,2014-03-12,2014-03-12 11:30:00,20.0
Mosher Creek,E. coli,MPN/100mL,MS01,KCHD-MS01,2014-04-22,2014-04-22 11:08:00,260.0
Mosher Creek,E. coli,MPN/100mL,MS01,KCHD-MS01,2014-05-22,2014-05-22 11:35:00,50.0
Mosher Creek,E. coli,MPN/100mL,MS01,KCHD-MS01,2014-06-04,2014-06-04 11:35:00,50.0
Mosher Creek,E. coli,MPN/100mL,MS01,KCHD-MS01,2014-07-10,2014-07-10 11:50:00,20.0
Mosher Creek,E. coli,MPN/100mL,MS01,KCHD-MS01,2014-08-06,2014-08-06 11:22:00,330.0
Mosher Creek,E. coli,MPN/100mL,MS01,KCHD-MS01,2014-09-10,2014-09-10 11:55:00,540.0
Mosher Creek,E. coli,MPN/100mL,MS01,KCHD-MS01,2014-10-08,2014-10-08 11:15:00,70.0
Mosher Creek,E. coli,MPN/100mL,MS01,KCHD-MS01,2014-11-05,2014-11-05 10:45:00,20.0
Mosher Creek,E. coli,MPN/100mL,MS01,KCHD-MS01,2014-12-02,2014-12-02 11:08:00,30.0
Mosher Creek,E. coli,MPN/100mL,MS01,KCHD-MS01,2015-01-07,2015-01-07 11:02:00,10.0
Mosher Creek,E. coli,MPN/100mL,MS01,KCHD-MS01,2015-02-17,2015-02-17 12:25:00,40.0
Mosher Creek,E. coli,MPN/100mL,MS01,KCHD-MS01,2015-03-18,2015-03-18 12:05:00,40.0
Mosher Creek,E. coli,MPN/100mL,MS01,KCHD-MS01,2015-04-14,2015-04-14 12:14:00,160.0
Mosher Creek,E. coli,MPN/100mL,MS01,KCHD-MS01,2015-05-12,2015-05-12 12:15:00,80.0
Mosher Creek,E. coli,MPN/100mL,MS01,KCHD-MS01,2015-06-22,2015-06-22 11:57:00,310.0
Mosher Creek,E. coli,MPN/100mL,MS01,KCHD-MS01,2015-08-18,2015-08-18 12:10:00,170.0
Mosher Creek,E. coli,MPN/100mL,MS01,KCHD-MS01,2015-09-16,2015-09-16 10:08:00,250.0
Mosher Creek,E. coli,MPN/100mL,MS01,KCHD-MS01,2015-10-27,2015-10-27 10:39:00,140.0
Mosher Creek,E. coli,MPN/100mL,MS01,KCHD-MS01,2015-11-10,2015-11-10 10:38:00,30.0
Mosher Creek,E. coli,MPN/100mL,MS01,KCHD-MS01,2015-12-21,2015-12-21 10:23:00,280.0
Mosher Creek,E. coli,MPN/100mL,MS01,KCHD-MS01,2016-01-13,2016-01-13 10:38:00,260.0
Mosher Creek,E. coli,MPN/100mL,MS01,KCHD-MS01,2016-02-10,2016-02-10 11:43:00,110.0
Mosher Creek,E. coli,MPN/100mL,MS01,KCHD-MS01,2016-03-09,2016-03-09 11:04:00,160.0
Mosher Creek,E. coli,MPN/100mL,MS01,KCHD-MS01,2016-04-12,2016-04-12 11:23:00,60.0
Mosher Creek,E. coli,MPN/100mL,MS01,KCHD-MS01,2016-05-17,2016-05-17 11:35:00,80.0
Mosher Creek,E. coli,MPN/100mL,MS01,KCHD-MS01,2016-06-15,2016-06-15 12:42:00,100.0
Mosher Creek,E. coli,MPN/100mL,MS01,KCHD-MS01,2016-07-13,2016-07-13 12:05:00,40.0
Mosher Creek,E. coli,MPN/100mL,MS01,KCHD-MS01,2016-08-16,2016-08-16 10:47:00,40.0
Mosher Creek,E. coli,MPN/100mL,MS01,KCHD-MS01,2016-09-13,2016-09-13 11:12:00,10.0
Mosher Creek,E. coli,MPN/100mL,MS01,KCHD-MS01,2016-10-11,2016-10-11 11:44:00,10.0
Mosher Creek,E. coli,MPN/100mL,MS01,KCHD-MS01,2016-11-22,2016-11-22 08:17:00,80.0
Mosher Creek,E. coli,MPN/100mL,MS01,KCHD-MS01,2016-12-12,2016-12-12 12:10:00,30.0
Mosher Creek,E. coli,MPN/100mL,MS01,KCHD-MS01,2017-01-13,2017-01-13 10:36:00,40.0
Mosher Creek,E. coli,MPN/100mL,MS01,KCHD-MS01,2017-02-01,2017-02-01 09:49:00,30.0
Mosher Creek,E. coli,MPN/100mL,MS01,KCHD-MS01,2017-03-10,2017-03-10 11:22:00,50.0
Mosher Creek,E. coli,MPN/100mL,MS01,KCHD-MS01,2017-04-13,2017-04-13 11:22:00,50.0
Mosher Creek,E. coli,MPN/100mL,MS01,KCHD-MS01,2017-05-09,2017-05-09 09:57:00,60.0
Mosher Creek,E. coli,MPN/100mL,MS01,KCHD-MS01,2017-06-08,2017-06-08 11:22:00,830.0
Mosher Creek,E. coli,MPN/100mL,MS01,KCHD-MS01,2017-07-10,2017-07-10 10:35:00,190.0
Mosher Creek,E. coli,MPN/100mL,MS01,KCHD-MS01,2017-08-02,2017-08-02 11:24:00,110.0
Mosher Creek,E. coli,MPN/100mL,MS01,KCHD-MS01,2017-09-06,2017-09-06 11:57:00,60.0
Mosher Creek,E. coli,MPN/100mL,MS01,KCHD-MS01,2017-10-03,2017-10-03 10:58:00,10.0
Mosher Creek,E. coli,MPN/100mL,MS01,KCHD-MS01,2017-11-01,2017-11-01 10:42:00,10.0
Mosher Creek,E. coli,MPN/100mL,MS01,KCHD-MS01,2017-12-12,2017-12-12 09:24:00,50.0
Mosher Creek,E. coli,MPN/100mL,MS01,KCHD-MS01,2018-01-03,2018-01-03 11:20:00,10.0
Mosher Creek,E. coli,MPN/100mL,MS01,KCHD-MS01,2018-02-01,2018-02-01 10:48:00,10.0
Mosher Creek,E. coli,MPN/100mL,MS01,KCHD-MS01,2018-03-01,2018-03-01 11:36:00,150.0
Mosher Creek,E. coli,MPN/100mL,MS01,KCHD-MS01,2018-04-03,2018-04-03 11:25:00,30.0
Mosher Creek,E. coli,MPN/100mL,MS01,KCHD-MS01,2018-05-02,2018-05-02 11:29:00,10.0
Mosher Creek,E. coli,MPN/100mL,MS01,KCHD-MS01,2018-06-12,2018-06-12 10:44:00,10.0
Mosher Creek,E. coli,MPN/100mL,MS01,KCHD-MS01,2018-07-03,2018-07-03 12:54:00,30.0
Mosher Creek,E. coli,MPN/100mL,MS01,KCHD-MS01,2018-08-07,2018-08-07 12:11:00,40.0
Mosher Creek,E. coli,MPN/100mL,MS01,KCHD-MS01,2018-09-05,2018-09-05 11:25:00,20.0
Mosher Creek,E. coli,MPN/100mL,MS01,KCHD-MS01,2018-10-02,2018-10-02 10:58:00,20.0
Mosher Creek,E. coli,MPN/100mL,MS01,KCHD-MS01,2018-11-06,2018-11-06 10:50:00,10.0
Mosher Creek,E. coli,MPN/100mL,MS01,KCHD-MS01,2018-12-03,2018-12-03 09:55:00,10.0
Mosher Creek,E. coli,MPN/100mL,MS01,KCHD-MS01,2019-01-10,2019-01-10 11:55:00,250.0
Mosher Creek,E. coli,MPN/100mL,MS01,KCHD-MS01,2019-02-22,2019-02-22 11:23:00,20.0
Mosher Creek,E. coli,MPN/100mL,MS01,KCHD-MS01,2019-03-20,2019-03-20 12:29:00,220.0
Mosher Creek,E. coli,MPN/100mL,MS01,KCHD-MS01,2019-04-03,2019-04-03 11:55:00,30.0
Mosher Creek,E. coli,MPN/100mL,MS01,KCHD-MS01,2019-05-02,2019-05-02 12:30:00,20.0
Mosher Creek,E. coli,MPN/100mL,MS01,KCHD-MS01,2019-06-04,2019-06-04 11:36:00,30.0
Mosher Creek,E. coli,MPN/100mL,MS01,KCHD-MS01,2019-07-02,2019-07-02 11:09:00,80.0
Mosher Creek,E. coli,MPN/100mL,MS01,KCHD-MS01,2019-08-13,2019-08-13 11:22:00,260.0
Mosher Creek,E. coli,MPN/100mL,MS01,KCHD-MS01,2019-09-05,2019-09-05 09:26:00,60.0
Mosher Creek,E. coli,MPN/100mL,MS01,KCHD-MS01,2020-10-28,2020-10-28 10:14:00,69.7
Mosher Creek,E. coli,MPN/100mL,MS01,KCHD-MS01,2020-11-30,2020-11-30 10:00:00,60.2
Mosher Creek,E. coli,MPN/100mL,MS01,KCHD-MS01,2020-12-15,2020-12-15 10:46:00,88.2
Mosher Creek,E. coli,MPN/100mL,MS01,KCHD-MS01,2021-01-14,2021-01-14 11:22:00,69.1
Mosher Creek,E. coli,MPN/100mL,MS01,KCHD-MS01,2021-02-10,2021-02-10 11:43:00,18.5
Mosher Creek,E. coli,MPN/100mL,MS01,KCHD-MS01,2021-03-11,2021-03-11 10:17:00,10.9
Mosher Creek,E. coli,MPN/100mL,MS01,KCHD-MS01,2021-04-14,2021-04-14 11:02:00,9.6
Mosher Creek,E. coli,MPN/100mL,MS01,KCHD-MS01,2021-05-18,2021-05-18 11:47:00,45.5
Mosher Creek,E. coli,MPN/100mL,MS01,KCHD-MS01,2021-06-16,2021-06-16 10:30:00,42.8
Mosher Creek,E. coli,MPN/100mL,MS01,KCHD-MS01,2021-07-27,2021-07-27 10:19:00,27.9
Mosher Creek,E. coli,MPN/100mL,MS01,KCHD-MS01,2021-08-18,2021-08-18 09:10:00,44.1
Mosher Creek,E. coli,MPN/100mL,MS01,KCHD-MS01,2021-09-16,2021-09-16 09:54:00,137.6
Mosher Creek,E. coli,MPN/100mL,MS01,KCHD-MS01,2021-10-21,2021-10-21 10:39:00,106.7
Mosher Creek,E. coli,MPN/100mL,MS01,KCHD-MS01,2021-11-16,2021-11-16 11:00:00,79.4
Mosher Creek,E. coli,MPN/100mL,MS01,KCHD-MS01,2021-12-14,2021-12-14 10:10:00,48.7
Mosher Creek,E. coli,MPN/100mL,MS01,KCHD-MS01,2022-01-20,2022-01-20 12:05:00,18.1
Mosher Creek,E. coli,MPN/100mL,MS01,KCHD-MS01,2022-02-03,2022-02-03 11:48:00,23.1
Mosher Creek,E. coli,MPN/100mL,MS01,KCHD-MS01,2022-03-02,2022-03-02 12:15:00,224.7
Mosher Creek,E. coli,MPN/100mL,MS01,KCHD-MS01,2022-04-26,2022-04-26 10:36:00,6.3
Mosher Creek,E. coli,MPN/100mL,MS01,KCHD-MS01,2022-05-24,2022-05-24 13:30:00,31.8
Mosher Creek,E. coli,MPN/100mL,MS01,KCHD-MS01,2022-06-07,2022-06-07 10:55:00,88.6
Mosher Creek,E. coli,MPN/100mL,MS01,KCHD-MS01,2022-07-19,2022-07-19 11:31:00,46.2
Mosher Creek,E. coli,MPN/100mL,MS01,KCHD-MS01,2022-08-30,2022-08-30 11:26:00,66.3
Mosher Creek,E. coli,MPN/100mL,MS01,KCHD-MS01,2022-09-28,2022-09-28 13:14:00,101.9
Mosher Creek,E. coli,MPN/100mL,MS01,KCHD-MS01,2022-10-11,2022-10-11 11:36:00,75.1
Mosher Creek,E. coli,MPN/100mL,MS01,KCHD-MS01,2022-11-21,2022-11-21 11:48:00,240.0
Mosher Creek,E. coli,MPN/100mL,MS01,KCHD-MS01,2022-12-05,2022-12-05 12:02:00,47.9
Mosher Creek,E. coli,MPN/100mL,MS01,KCHD-MS01,2023-01-10,2023-01-10 13:26:00,133.3
Mosher Creek,E. coli,MPN/100mL,MS01,KCHD-MS01,2023-02-14,2023-02-14 13:10:00,14.6
Mosher Creek,E. coli,MPN/100mL,MS01,KCHD-MS01,2023-03-07,2023-03-07 10:35:00,24.3
Mosher Creek,E. coli,MPN/100mL,MS01,KCHD-MS01,2023-04-04,2023-04-04 11:15:00,32.0
Mosher Creek,E. coli,MPN/100mL,MS01,KCHD-MS01,2023-05-02,2023-05-02 11:09:00,22.6
Mosher Creek,E. coli,MPN/100mL,MS01,KCHD-MS01,2023-06-06,2023-06-06 09:44:00,143.9
Mosher Creek,E. coli,MPN/100mL,MS01,KCHD-MS01,2023-07-19,2023-07-19 12:35:00,193.5
Mosher Creek,E. coli,MPN/100mL,MS01,KCHD-MS01,2023-08-01,2023-08-01 10:48:00,125.9
Mosher Creek,E. coli,MPN/100mL,MS01,KCHD-MS01,2023-09-12,2023-09-12 10:40:00,83.3
Mosher Creek,E. coli,MPN/100mL,MS01,KCHD-MS01,2023-10-12,2023-10-12 12:17:00,261.3
Mosher Creek,E. coli,MPN/100mL,MS01,KCHD-MS01,2023-11-09,2023-11-09 10:32:00,143.9
Mosher Creek,E. coli,MPN/100mL,MS01,KCHD-MS01,2023-12-28,2023-12-28 12:44:00,93.3
Mosher Creek,E. coli,MPN/100mL,MS01,KCHD-MS01,2024-01-24,2024-01-24 10:52:00,104.3
Mosher Creek,E. coli,MPN/100mL,MS01,KCHD-MS01,2024-02-14,2024-02-14 11:51:00,125.9
Mosher Creek,E. coli,MPN/100mL,MS01,KCHD-MS01,2024-03-26,2024-03-26 13:00:00,55.4
Mosher Creek,E. coli,MPN/100mL,MS01,KCHD-MS01,2024-04-10,2024-04-10 11:51:00,272.3
Mosher Creek,E. coli,MPN/100mL,MS01,KCHD-MS01,2024-05-14,2024-05-14 11:30:00,33.1
Mosher Creek,E. coli,MPN/100mL,MS01,KCHD-MS01,2024-06-11,2024-06-11 11:36:00,36.4
Mosher Creek,E. coli,MPN/100mL,MS01,KCHD-MS01,2024-07-09,2024-07-09 09:40:00,62.4
Mosher Creek,E. coli,MPN/100mL,MS01,KCHD-MS01,2024-08-13,2024-08-13 10:46:00,74.9
Mosher Creek,E. coli,MPN/100mL,MS01,KCHD-MS01,2024-09-25,2024-09-25 09:30:00,49.5
Mosher Creek,E. coli,MPN/100mL,MS01,KCHD-MS01,2024-10-17,2024-10-17 11:14:00,17.5
Mosher Creek,E. coli,MPN/100mL,MS01,KCHD-MS01,2024-11-14,2024-11-14 10:15:00,307.6
Mosher Creek,E. coli,MPN/100mL,MS01,KCHD-MS01,2024-12-12,2024-12-12 10:03:00,13.2
Mosher Creek,E. coli,MPN/100mL,MS01,KCHD-MS01,2025-01-30,2025-01-30 11:02:00,30.1
Mosher Creek,E. coli,MPN/100mL,MS01,KCHD-MS01,2025-02-26,2025-02-26 10:20:00,78.9
Mosher Creek,E. coli,MPN/100mL,MS01,KCHD-MS01,2025-03-13,2025-03-13 12:15:00,22.8
Mosher Creek,E. coli,MPN/100mL,MS01,KCHD-MS01,2025-04-14,2025-04-14 11:00:00,29.5
Mosher Creek,E. coli,MPN/100mL,MS01,KCHD-MS01,2025-05-07,2025-05-07 11:21:00,33.6
Mosher Creek,E. coli,MPN/100mL,MS01,KCHD-MS01,2025-06-11,2025-06-11 12:33:00,28.8
Mosher Creek,E. coli,MPN/100mL,MS01,KCHD-MS01,2025-07-09,2025-07-09 11:32:00,76.3
Mosher Creek,E. coli,MPN/100mL,MS01,KCHD-MS01,2025-08-21,2025-08-21 11:06:00,34.5
Mosher Creek,E. coli,MPN/100mL,MS01,KCHD-MS01,2025-09-03,2025-09-03 11:48:00,16.9
Strawberry Creek,E. coli,MPN/100mL,SR01,KCHD-SR01,2013-10-15,2013-10-15 10:09:00,100.0
Strawberry Creek,E. coli,MPN/100mL,SR01,KCHD-SR01,2013-11-14,2013-11-14 09:40:00,50.0
Strawberry Creek,E. coli,MPN/100mL,SR01,KCHD-SR01,2013-12-18,2013-12-18 10:15:00,10.0
Strawberry Creek,E. coli,MPN/100mL,SR01,KCHD-SR01,2014-01-10,2014-01-10 08:38:00,10.0
Strawberry Creek,E. coli,MPN/100mL,SR01,KCHD-SR01,2014-02-10,2014-02-10 10:12:00,100.0
Strawberry Creek,E. coli,MPN/100mL,SR01,KCHD-SR01,2014-03-12,2014-03-12 10:02:00,40.0
Strawberry Creek,E. coli,MPN/100mL,SR01,KCHD-SR01,2014-04-22,2014-04-22 09:23:00,340.0
Strawberry Creek,E. coli,MPN/100mL,SR01,KCHD-SR01,2014-05-22,2014-05-22 10:12:00,70.0
Strawberry Creek,E. coli,MPN/100mL,SR01,KCHD-SR01,2014-06-04,2014-06-04 10:15:00,80.0
Strawberry Creek,E. coli,MPN/100mL,SR01,KCHD-SR01,2014-07-10,2014-07-10 10:20:00,120.0
Strawberry Creek,E. coli,MPN/100mL,SR01,KCHD-SR01,2014-08-06,2014-08-06 09:36:00,110.0
Strawberry Creek,E. coli,MPN/100mL,SR01,KCHD-SR01,2014-09-10,2014-09-10 10:26:00,100.0
Strawberry Creek,E. coli,MPN/100mL,SR01,KCHD-SR01,2014-10-08,2014-10-08 10:00:00,50.0
Strawberry Creek,E. coli,MPN/100mL,SR01,KCHD-SR01,2014-11-05,2014-11-05 09:37:00,120.0
Strawberry Creek,E. coli,MPN/100mL,SR01,KCHD-SR01,2014-12-02,2014-12-02 09:53:00,10.0
Strawberry Creek,E. coli,MPN/100mL,SR01,KCHD-SR01,2015-01-07,2015-01-07 12:29:00,10.0
Strawberry Creek,E. coli,MPN/100mL,SR01,KCHD-SR01,2015-02-17,2015-02-17 09:53:00,10.0
Strawberry Creek,E. coli,MPN/100mL,SR01,KCHD-SR01,2015-03-18,2015-03-18 10:06:00,30.0
Strawberry Creek,E. coli,MPN/100mL,SR01,KCHD-SR01,2015-04-14,2015-04-14 10:27:00,10.0
Strawberry Creek,E. coli,MPN/100mL,SR01,KCHD-SR01,2015-05-12,2015-05-12 10:25:00,70.0
Strawberry Creek,E. coli,MPN/100mL,SR01,KCHD-SR01,2015-06-22,2015-06-22 10:16:00,140.0
Strawberry Creek,E. coli,MPN/100mL,SR01,KCHD-SR01,2015-07-13,2015-07-13 11:05:00,270.0
Strawberry Creek,E. coli,MPN/100mL,SR01,KCHD-SR01,2015-08-18,2015-08-18 10:08:00,370.0
Strawberry Creek,E. coli,MPN/100mL,SR01,KCHD-SR01,2015-09-16,2015-09-16 09:32:00,70.0
Strawberry Creek,E. coli,MPN/100mL,SR01,KCHD-SR01,2015-10-27,2015-10-27 09:32:00,90.0
Strawberry Creek,E. coli,MPN/100mL,SR01,KCHD-SR01,2015-11-10,2015-11-10 08:57:00,30.0
Strawberry Creek,E. coli,MPN/100mL,SR01,KCHD-SR01,2015-12-21,2015-12-21 08:48:00,130.0
Strawberry Creek,E. coli,MPN/100mL,SR01,KCHD-SR01,2016-01-13,2016-01-13 12:03:00,140.0
Strawberry Creek,E. coli,MPN/100mL,SR01,KCHD-SR01,2016-02-10,2016-02-10 10:29:00,20.0
Strawberry Creek,E. coli,MPN/100mL,SR01,KCHD-SR01,2016-03-09,2016-03-09 09:55:00,10.0
Strawberry Creek,E. coli,MPN/100mL,SR01,KCHD-SR01,2016-04-12,2016-04-12 10:54:00,20.0
Strawberry Creek,E. coli,MPN/100mL,SR01,KCHD-SR01,2016-05-17,2016-05-17 10:11:00,20.0
Strawberry Creek,E. coli,MPN/100mL,SR01,KCHD-SR01,2016-06-15,2016-06-15 09:32:00,70.0
Strawberry Creek,E. coli,MPN/100mL,SR01,KCHD-SR01,2016-07-13,2016-07-13 09:57:00,460.0
Strawberry Creek,E. coli,MPN/100mL,SR01,KCHD-SR01,2016-08-16,2016-08-16 10:10:00,60.0
Strawberry Creek,E. coli,MPN/100mL,SR01,KCHD-SR01,2016-09-13,2016-09-13 10:37:00,10.0
Strawberry Creek,E. coli,MPN/100mL,SR01,KCHD-SR01,2016-10-11,2016-10-11 11:09:00,120.0
Strawberry Creek,E. coli,MPN/100mL,SR01,KCHD-SR01,2016-11-22,2016-11-22 07:36:00,20.0
Strawberry Creek,E. coli,MPN/100mL,SR01,KCHD-SR01,2016-12-12,2016-12-12 10:47:00,10.0
Strawberry Creek,E. coli,MPN/100mL,SR01,KCHD-SR01,2017-01-13,2017-01-13 09:57:00,10.0
Strawberry Creek,E. coli,MPN/100mL,SR01,KCHD-SR01,2017-02-01,2017-02-01 11:20:00,10.0
Strawberry Creek,E. coli,MPN/100mL,SR01,KCHD-SR01,2017-03-10,2017-03-10 10:44:00,20.0
Strawberry Creek,E. coli,MPN/100mL,SR01,KCHD-SR01,2017-04-13,2017-04-13 10:37:00,10.0
Strawberry Creek,E. coli,MPN/100mL,SR01,KCHD-SR01,2017-05-09,2017-05-09 09:14:00,20.0
Strawberry Creek,E. coli,MPN/100mL,SR01,KCHD-SR01,2017-06-08,2017-06-08 10:45:00,670.0
Strawberry Creek,E. coli,MPN/100mL,SR01,KCHD-SR01,2017-07-10,2017-07-10 09:58:00,80.0
Strawberry Creek,E. coli,MPN/100mL,SR01,KCHD-SR01,2017-08-02,2017-08-02 10:42:00,20.0
Strawberry Creek,E. coli,MPN/100mL,SR01,KCHD-SR01,2017-09-06,2017-09-06 10:29:00,110.0
Strawberry Creek,E. coli,MPN/100mL,SR01,KCHD-SR01,2017-10-03,2017-10-03 09:37:00,10.0
Strawberry Creek,E. coli,MPN/100mL,SR01,KCHD-SR01,2017-11-01,2017-11-01 09:30:00,10.0
Strawberry Creek,E. coli,MPN/100mL,SR01,KCHD-SR01,2017-12-12,2017-12-12 08:21:00,10.0
Strawberry Creek,E. coli,MPN/100mL,SR01,KCHD-SR01,2018-01-03,2018-01-03 10:34:00,10.0
Strawberry Creek,E. coli,MPN/100mL,SR01,KCHD-SR01,2018-02-01,2018-02-01 10:02:00,40.0
Strawberry Creek,E. coli,MPN/100mL,SR01,KCHD-SR01,2018-03-01,2018-03-01 10:41:00,70.0
Strawberry Creek,E. coli,MPN/100mL,SR01,KCHD-SR01,2018-04-03,2018-04-03 10:29:00,30.0
Strawberry Creek,E. coli,MPN/100mL,SR01,KCHD-SR01,2018-05-02,2018-05-02 10:27:00,10.0
Strawberry Creek,E. coli,MPN/100mL,SR01,KCHD-SR01,2018-06-12,2018-06-12 09:22:00,180.0
Strawberry Creek,E. coli,MPN/100mL,SR01,KCHD-SR01,2018-07-03,2018-07-03 12:00:00,50.0
Strawberry Creek,E. coli,MPN/100mL,SR01,KCHD-SR01,2018-08-07,2018-08-07 11:17:00,40.0
Strawberry Creek,E. coli,MPN/100mL,SR01,KCHD-SR01,2018-09-05,2018-09-05 10:39:00,10.0
Strawberry Creek,E. coli,MPN/100mL,SR01,KCHD-SR01,2018-10-02,2018-10-02 10:02:00,70.0
Strawberry Creek,E. coli,MPN/100mL,SR01,KCHD-SR01,2018-11-06,2018-11-06 09:59:00,10.0
Strawberry Creek,E. coli,MPN/100mL,SR01,KCHD-SR01,2018-12-03,2018-12-03 06:50:00,30.0
Strawberry Creek,E. coli,MPN/100mL,SR01,KCHD-SR01,2019-01-10,2019-01-10 10:57:00,110.0
Strawberry Creek,E. coli,MPN/100mL,SR01,KCHD-SR01,2019-02-22,2019-02-22 10:24:00,10.0
Strawberry Creek,E. coli,MPN/100mL,SR01,KCHD-SR01,2019-03-20,2019-03-20 11:26:00,10.0
Strawberry Creek,E. coli,MPN/100mL,SR01,KCHD-SR01,2019-04-03,2019-04-03 10:47:00,10.0
Strawberry Creek,E. coli,MPN/100mL,SR01,KCHD-SR01,2019-05-02,2019-05-02 11:23:00,10.0
Strawberry Creek,E. coli,MPN/100mL,SR01,KCHD-SR01,2019-06-04,2019-06-04 10:32:00,40.0
Strawberry Creek,E. coli,MPN/100mL,SR01,KCHD-SR01,2019-07-02,2019-07-02 10:15:00,80.0
Strawberry Creek,E. coli,MPN/100mL,SR01,KCHD-SR01,2019-08-13,2019-08-13 10:26:00,200.0
Strawberry Creek,E. coli,MPN/100mL,SR01,KCHD-SR01,2020-10-28,2020-10-28 09:28:00,41.4
Strawberry Creek,E. coli,MPN/100mL,SR01,KCHD-SR01,2020-11-30,2020-11-30 10:41:00,148.3
Strawberry Creek,E. coli,MPN/100mL,SR01,KCHD-SR01,2020-12-15,2020-12-15 09:58:00,325.5
Strawberry Creek,E. coli,MPN/100mL,SR01,KCHD-SR01,2021-01-14,2021-01-14 10:25:00,19.9
Strawberry Creek,E. coli,MPN/100mL,SR01,KCHD-SR01,2021-02-10,2021-02-10 10:25:00,3.1
Strawberry Creek,E. coli,MPN/100mL,SR01,KCHD-SR01,2021-03-11,2021-03-11 09:44:00,16.1
Strawberry Creek,E. coli,MPN/100mL,SR01,KCHD-SR01,2021-04-14,2021-04-14 10:04:00,6.3
Strawberry Creek,E. coli,MPN/100mL,SR01,KCHD-SR01,2021-05-18,2021-05-18 10:59:00,57.3
Strawberry Creek,E. coli,MPN/100mL,SR01,KCHD-SR01,2021-06-16,2021-06-16 11:24:00,106.3
Strawberry Creek,E. coli,MPN/100mL,SR01,KCHD-SR01,2021-07-27,2021-07-27 10:57:00,93.4
Strawberry Creek,E. coli,MPN/100mL,SR01,KCHD-SR01,2021-08-18,2021-08-18 08:35:00,65.0
Strawberry Creek,E. coli,MPN/100mL,SR01,KCHD-SR01,2021-09-16,2021-09-16 09:18:00,44.1
Strawberry Creek,E. coli,MPN/100mL,SR01,KCHD-SR01,2021-10-21,2021-10-21 11:21:00,60.2
Strawberry Creek,E. coli,MPN/100mL,SR01,KCHD-SR01,2021-11-16,2021-11-16 10:15:00,58.6
Strawberry Creek,E. coli,MPN/100mL,SR01,KCHD-SR01,2021-12-14,2021-12-14 09:35:00,47.1
Strawberry Creek,E. coli,MPN/100mL,SR01,KCHD-SR01,2022-01-20,2022-01-20 12:59:00,8.6
Strawberry Creek,E. coli,MPN/100mL,SR01,KCHD-SR01,2022-02-03,2022-02-03 10:53:00,11.0
Strawberry Creek,E. coli,MPN/100mL,SR01,KCHD-SR01,2022-03-02,2022-03-02 11:30:00,29.2
Strawberry Creek,E. coli,MPN/100mL,SR01,KCHD-SR01,2022-04-26,2022-04-26 09:43:00,42.8
Strawberry Creek,E. coli,MPN/100mL,SR01,KCHD-SR01,2022-05-24,2022-05-24 12:51:00,18.7
Strawberry Creek,E. coli,MPN/100mL,SR01,KCHD-SR01,2022-06-07,2022-06-07 09:43:00,88.4
Strawberry Creek,E. coli,MPN/100mL,SR01,KCHD-SR01,2022-07-19,2022-07-19 12:20:00,201.4
Strawberry Creek,E. coli,MPN/100mL,SR01,KCHD-SR01,2022-08-30,2022-08-30 12:26:00,56.3
Strawberry Creek,E. coli,MPN/100mL,SR01,KCHD-SR01,2022-09-28,2022-09-28 12:35:00,47.9
Strawberry Creek,E. coli,MPN/100mL,SR01,KCHD-SR01,2022-10-11,2022-10-11 10:43:00,110.6
Strawberry Creek,E. coli,MPN/100mL,SR01,KCHD-SR01,2022-11-21,2022-11-21 11:00:00,24.6
Strawberry Creek,E. coli,MPN/100mL,SR01,KCHD-SR01,2022-12-05,2022-12-05 11:16:00,11.0
Strawberry Creek,E. coli,MPN/100mL,SR01,KCHD-SR01,2023-01-10,2023-01-10 12:41:00,47.3
Strawberry Creek,E. coli,MPN/100mL,SR01,KCHD-SR01,2023-02-14,2023-02-14 13:49:00,8.6
Strawberry Creek,E. coli,MPN/100mL,SR01,KCHD-SR01,2023-03-07,2023-03-07 09:52:00,35.9
Strawberry Creek,E. coli,MPN/100mL,SR01,KCHD-SR01,2023-04-04,2023-04-04 09:30:00,3.1
Strawberry Creek,E. coli,MPN/100mL,SR01,KCHD-SR01,2023-05-02,2023-05-02 10:23:00,38.4
Strawberry Creek,E. coli,MPN/100mL,SR01,KCHD-SR01,2023-06-06,2023-06-06 08:23:00,32.7
Strawberry Creek,E. coli,MPN/100mL,SR01,KCHD-SR01,2023-07-19,2023-07-19 13:18:00,47.4
Strawberry Creek,E. coli,MPN/100mL,SR01,KCHD-SR01,2023-08-01,2023-08-01 09:47:00,151.5
Strawberry Creek,E. coli,MPN/100mL,SR01,KCHD-SR01,2023-09-12,2023-09-12 09:56:00,65.0
Strawberry Creek,E. coli,MPN/100mL,SR01,KCHD-SR01,2023-10-12,2023-10-12 11:29:00,167.4
Strawberry Creek,E. coli,MPN/100mL,SR01,KCHD-SR01,2023-11-09,2023-11-09 09:20:00,16.1
Strawberry Creek,E. coli,MPN/100mL,SR01,KCHD-SR01,2023-12-28,2023-12-28 12:00:00,76.7
Strawberry Creek,E. coli,MPN/100mL,SR01,KCHD-SR01,2024-01-24,2024-01-24 09:47:00,435.2
Strawberry Creek,E. coli,MPN/100mL,SR01,KCHD-SR01,2024-02-14,2024-02-14 10:42:00,198.9
Strawberry Creek,E. coli,MPN/100mL,SR01,KCHD-SR01,2024-03-26,2024-03-26 12:07:00,7.5
Strawberry Creek,E. coli,MPN/100mL,SR01,KCHD-SR01,2024-04-10,2024-04-10 10:26:00,8.5
Strawberry Creek,E. coli,MPN/100mL,SR01,KCHD-SR01,2024-05-14,2024-05-14 10:02:00,24.6
Strawberry Creek,E. coli,MPN/100mL,SR01,KCHD-SR01,2024-06-11,2024-06-11 10:30:00,56.3
Strawberry Creek,E. coli,MPN/100mL,SR01,KCHD-SR01,2024-07-09,2024-07-09 08:56:00,124.6
Strawberry Creek,E. coli,MPN/100mL,SR01,KCHD-SR01,2024-08-13,2024-08-13 09:46:00,387.3
Strawberry Creek,E. coli,MPN/100mL,SR01,KCHD-SR01,2024-09-25,2024-09-25 08:36:00,104.9
Strawberry Creek,E. coli,MPN/100mL,SR01,KCHD-SR01,2024-10-17,2024-10-17 10:09:00,44.1
Strawberry Creek,E. coli,MPN/100mL,SR01,KCHD-SR01,2024-11-14,2024-11-14 09:29:00,410.6
Strawberry Creek,E. coli,MPN/100mL,SR01,KCHD-SR01,2024-12-12,2024-12-12 09:12:00,60.9
Strawberry Creek,E. coli,MPN/100mL,SR01,KCHD-SR01,2025-01-30,2025-01-30 10:25:00,2.0
Strawberry Creek,E. coli,MPN/100mL,SR01,KCHD-SR01,2025-02-26,2025-02-26 09:29:00,14.5
Strawberry Creek,E. coli,MPN/100mL,SR01,KCHD-SR01,2025-03-13,2025-03-13 11:20:00,116.2
Strawberry Creek,E. coli,MPN/100mL,SR01,KCHD-SR01,2025-04-14,2025-04-14 10:18:00,27.2
Strawberry Creek,E. coli,MPN/100mL,SR01,KCHD-SR01,2025-05-07,2025-05-07 10:43:00,24.6
Strawberry Creek,E. coli,MPN/100mL,SR01,KCHD-SR01,2025-06-11,2025-06-11 11:54:00,131.4
Strawberry Creek,E. coli,MPN/100mL,SR01,KCHD-SR01,2025-07-09,2025-07-09 10:56:00,133.3
Strawberry Creek,E. coli,MPN/100mL,SR01,KCHD-SR01,2025-08-21,2025-08-21 10:02:00,275.5
Strawberry Creek,E. coli,MPN/100mL,SR01,KCHD-SR01,2025-09-03,2025-09-03 11:03:00,214.3
